nama_alat,periode,availability,utilisation,mtbf,mttrc,mttrp,accident,available_time,breakdown_duration,total_breakdown,number_of_breakdowns,breakdown_frequency,avail_t1,avail_t2,avail_t3,mtbf_t1,mtbf_t2,mtbf_t3,mttrp_t1,mttrp_t2,mttrp_t3,num_bd_t1,num_bd_t2,num_bd_t3,breakdown_frequency_t1,breakdown_frequency_t2,breakdown_frequency_t3,availability_score,mtbf_score,mttrp_score,base_health_score,target_health_score
FLT-0001,2024-03,1.0,0.05,0.0,0.0,0.0,0.0,744.0,0.0,0.0,0,0,1.0,0.99,1.0,0.0,37.0,0.0,0.0,4.0,0.0,0.0,1.0,0,0.0,1.0,0,100.0,100.0,100.0,100.0,100.0
FLT-0001,2024-04,1.0,0.03,0.0,0.0,0.0,0.0,720.0,0.0,0.0,0,0,0.99,1.0,1.0,37.0,0.0,0.0,4.0,0.0,0.0,1.0,0.0,0,1.0,0.0,0,100.0,100.0,100.0,100.0,100.0
FLT-0001,2024-05,1.0,0.04,0.0,0.0,0.0,0.0,744.0,0.0,0.0,0,0,1.0,1.0,1.0,0.0,0.0,0.0,0.0,0.0,0.0,0.0,0.0,0,0.0,0.0,0,100.0,100.0,100.0,100.0,100.0
FLT-0001,2024-06,1.0,0.0,0.0,0.0,0.0,0.0,720.0,0.0,0.0,0,0,1.0,1.0,1.0,0.0,0.0,0.0,0.0,0.0,0.0,0.0,0.0,0,0.0,0.0,0,100.0,100.0,100.0,100.0,100.0
FLT-0001,2024-07,1.0,0.05,0.0,0.0,0.0,0.0,744.0,0.0,0.0,0,0,1.0,1.0,1.0,0.0,0.0,0.0,0.0,0.0,0.0,0.0,0.0,0,0.0,0.0,0,100.0,100.0,100.0,100.0,100.0
FLT-0001,2024-08,1.0,0.03,0.0,0.0,0.0,0.0,744.0,0.0,0.0,0,0,1.0,1.0,1.0,0.0,0.0,0.0,0.0,0.0,0.0,0.0,0.0,0,0.0,0.0,0,100.0,100.0,100.0,100.0,100.0
FLT-0001,2024-09,1.0,0.03,0.0,0.0,0.0,0.0,720.0,0.0,0.0,0,0,1.0,1.0,1.0,0.0,0.0,0.0,0.0,0.0,0.0,0.0,0.0,0,0.0,0.0,0,100.0,100.0,100.0,100.0,100.0
FLT-0001,2024-10,1.0,0.03,0.0,0.0,0.0,0.0,744.0,0.0,0.0,0,0,1.0,1.0,1.0,0.0,0.0,0.0,0.0,0.0,0.0,0.0,0.0,0,0.0,0.0,0,100.0,100.0,100.0,100.0,100.0
FLT-0001,2024-11,1.0,0.08,0.0,0.0,0.0,0.0,720.0,0.0,0.0,0,0,1.0,1.0,1.0,0.0,0.0,0.0,0.0,0.0,0.0,0.0,0.0,0,0.0,0.0,0,100.0,100.0,100.0,100.0,100.0
FLT-0001,2024-12,1.0,0.04,0.0,0.0,0.0,0.0,744.0,0.0,0.0,0,0,1.0,1.0,1.0,0.0,0.0,0.0,0.0,0.0,0.0,0.0,0.0,0,0.0,0.0,0,100.0,100.0,100.0,100.0,100.0
FLT-0001,2025-01,1.0,0.06,0.0,0.0,0.0,0.0,744.0,0.0,0.0,0,0,1.0,1.0,1.0,0.0,0.0,0.0,0.0,0.0,0.0,0.0,0.0,0,0.0,0.0,0,100.0,100.0,100.0,100.0,100.0
FLT-0001,2025-02,1.0,0.05,0.0,0.0,0.0,0.0,672.0,0.0,0.0,0,0,1.0,1.0,1.0,0.0,0.0,0.0,0.0,0.0,0.0,0.0,0.0,0,0.0,0.0,0,100.0,100.0,100.0,100.0,100.0
FLT-0001,2025-03,1.0,0.04,0.0,0.0,0.0,0.0,744.0,0.0,0.0,0,0,1.0,1.0,1.0,0.0,0.0,0.0,0.0,0.0,0.0,0.0,0.0,0,0.0,0.0,0,100.0,100.0,100.0,100.0,100.0
FLT-0001,2025-04,1.0,0.08,0.0,0.0,0.0,0.0,720.0,0.0,0.0,0,0,1.0,1.0,1.0,0.0,0.0,0.0,0.0,0.0,0.0,0.0,0.0,0,0.0,0.0,0,100.0,100.0,100.0,100.0,100.0
FLT-0001,2025-05,1.0,0.06,0.0,0.0,0.0,0.0,744.0,0.0,0.0,0,0,1.0,1.0,1.0,0.0,0.0,0.0,0.0,0.0,0.0,0.0,0.0,0,0.0,0.0,0,100.0,100.0,100.0,100.0,100.0
FLT-0001,2025-06,1.0,0.06,0.0,0.0,0.0,0.0,720.0,0.0,0.0,0,0,1.0,1.0,1.0,0.0,0.0,0.0,0.0,0.0,0.0,0.0,0.0,0,0.0,0.0,0,100.0,100.0,100.0,100.0,100.0
FLT-0001,2025-07,1.0,0.05,0.0,0.0,0.0,0.0,744.0,0.0,0.0,0,0,1.0,1.0,1.0,0.0,0.0,0.0,0.0,0.0,0.0,0.0,0.0,0,0.0,0.0,0,100.0,100.0,100.0,100.0,100.0
FLT-0001,2025-08,1.0,0.08,0.0,0.0,0.0,0.0,744.0,0.0,0.0,0,0,1.0,1.0,1.0,0.0,0.0,0.0,0.0,0.0,0.0,0.0,0.0,0,0.0,0.0,0,100.0,100.0,100.0,100.0,99.97
FLT-0001,2025-09,1.0,0.1,73.0,0.67,2.0,0.0,720.0,0.67,2.0,1,1,1.0,1.0,1.0,0.0,0.0,73.0,0.0,0.0,2.0,0.0,0.0,1,0.0,0.0,1,100.0,100.0,99.72222222222223,99.97222222222223,100.0
FLT-0001,2025-10,1.0,0.08,0.0,0.0,0.0,0.0,744.0,0.0,0.0,0,0,1.0,1.0,1.0,0.0,73.0,0.0,0.0,2.0,0.0,0.0,1.0,0,0.0,1.0,0,100.0,100.0,100.0,100.0,100.0
FLT-0001,2025-11,1.0,0.07,0.0,0.0,0.0,0.0,720.0,0.0,0.0,0,0,1.0,1.0,1.0,73.0,0.0,0.0,2.0,0.0,0.0,1.0,0.0,0,1.0,0.0,0,100.0,100.0,100.0,100.0,100.0
FLT-0001,2025-12,1.0,0.07,0.0,0.0,0.0,0.0,744.0,0.0,0.0,0,0,1.0,1.0,1.0,0.0,0.0,0.0,0.0,0.0,0.0,0.0,0.0,0,0.0,0.0,0,100.0,100.0,100.0,100.0,100.0
FLT-0001,2026-01,1.0,0.06,44.0,0.0,0.17,0.0,744.0,0.0,0.17,1,0,1.0,1.0,1.0,0.0,0.0,44.0,0.0,0.0,0.17,0.0,0.0,1,0.0,0.0,0,100.0,100.0,99.9771505376344,99.99771505376344,99.97
FLT-0001,2026-02,1.0,0.49,327.0,1.0,2.0,0.0,672.0,1.0,2.0,1,0,1.0,1.0,1.0,0.0,44.0,327.0,0.0,0.17,2.0,0.0,1.0,1,0.0,0.0,0,100.0,100.0,99.70238095238095,99.9702380952381,99.99
FLT-0001,2026-03,1.0,0.08,62.0,1.0,0.5,0.0,744.0,1.0,0.5,1,0,1.0,1.0,1.0,44.0,327.0,62.0,0.17,2.0,0.5,1.0,1.0,1,0.0,0.0,0,100.0,100.0,99.93279569892472,99.99327956989248,84.98
QCC-0001,2024-03,1.0,0.24,0.0,0.0,0.0,0.0,744.0,0.0,0.0,0,0,1.0,1.0,1.0,128.5,0.0,0.0,0.42,0.0,0.0,1.0,0.0,0,1.0,0.0,0,100.0,100.0,100.0,100.0,100.0
QCC-0001,2024-04,0.98,0.21,0.0,0.0,0.0,0.0,720.0,0.0,0.0,0,0,1.0,1.0,0.98,0.0,0.0,0.0,0.0,0.0,0.0,0.0,0.0,0,0.0,0.0,0,100.0,100.0,100.0,100.0,84.95
QCC-0001,2024-05,0.97,0.19,71.75,0.75,3.5,0.0,744.0,1.5,7.0,2,2,1.0,0.98,0.97,0.0,0.0,71.75,0.0,0.0,3.5,0.0,0.0,2,0.0,0.0,2,100.0,50.0,99.52956989247312,84.95295698924731,99.97
QCC-0001,2024-06,1.0,0.25,183.5,0.5,2.0,0.0,720.0,0.5,2.0,1,0,0.98,0.97,1.0,0.0,71.75,183.5,0.0,3.5,2.0,0.0,2.0,1,0.0,2.0,0,100.0,100.0,99.72222222222223,99.97222222222223,100.0
QCC-0001,2024-07,0.99,0.3,0.0,0.0,0.0,0.0,744.0,0.0,0.0,0,0,0.97,1.0,0.99,71.75,183.5,0.0,3.5,2.0,0.0,2.0,1.0,0,2.0,0.0,0,100.0,100.0,100.0,100.0,99.99
QCC-0001,2024-08,1.0,0.2,150.5,0.33,1.0,0.0,744.0,0.33,1.0,1,1,1.0,0.99,1.0,183.5,0.0,150.5,2.0,0.0,1.0,1.0,0.0,1,0.0,0.0,1,100.0,100.0,99.86559139784946,99.98655913978494,84.99
QCC-0001,2024-09,0.99,0.22,79.5,0.34,1.01,0.0,720.0,0.67,2.02,2,2,0.99,1.0,0.99,0.0,150.5,79.5,0.0,1.0,1.01,0.0,1.0,2,0.0,1.0,2,100.0,50.0,99.85972222222223,84.98597222222222,100.0
QCC-0001,2024-10,0.99,0.28,0.0,0.0,0.0,0.0,744.0,0.0,0.0,0,0,1.0,0.99,0.99,150.5,79.5,0.0,1.0,1.01,0.0,1.0,2.0,0,1.0,2.0,0,100.0,100.0,100.0,100.0,99.99
QCC-0001,2024-11,1.0,0.32,229.5,0.3,0.67,0.0,720.0,0.3,0.67,1,1,0.99,0.99,1.0,79.5,0.0,229.5,1.01,0.0,0.67,2.0,0.0,1,2.0,0.0,1,100.0,100.0,99.90694444444445,99.99069444444444,100.0
QCC-0001,2024-12,1.0,0.29,0.0,0.0,0.0,0.0,744.0,0.0,0.0,0,0,0.99,1.0,1.0,0.0,229.5,0.0,0.0,0.67,0.0,0.0,1.0,0,0.0,1.0,0,100.0,100.0,100.0,100.0,77.48
QCC-0001,2025-01,0.98,0.34,64.12,0.54,1.75,0.0,744.0,2.17,7.0,4,4,1.0,1.0,0.98,229.5,0.0,64.12,0.67,0.0,1.75,1.0,0.0,4,1.0,0.0,4,100.0,25.0,99.76478494623656,77.47647849462365,99.97
QCC-0001,2025-02,0.99,0.39,259.0,0.67,2.0,0.0,672.0,0.67,2.0,1,1,1.0,0.98,0.99,0.0,64.12,259.0,0.0,1.75,2.0,0.0,4.0,1,0.0,4.0,1,100.0,100.0,99.70238095238095,99.9702380952381,100.0
QCC-0001,2025-03,0.99,0.38,0.0,0.0,0.0,0.0,744.0,0.0,0.0,0,0,0.98,0.99,0.99,64.12,259.0,0.0,1.75,2.0,0.0,4.0,1.0,0,4.0,1.0,0,100.0,100.0,100.0,100.0,99.99
QCC-0001,2025-04,1.0,0.31,224.0,0.25,0.5,0.0,720.0,0.25,0.5,1,1,0.99,0.99,1.0,259.0,0.0,224.0,2.0,0.0,0.5,1.0,0.0,1,1.0,0.0,1,100.0,100.0,99.93055555555556,99.99305555555556,99.97
QCC-0001,2025-05,0.98,0.27,202.5,0.83,2.5,0.0,744.0,0.83,2.5,1,1,0.99,1.0,0.98,0.0,224.0,202.5,0.0,0.5,2.5,0.0,1.0,1,0.0,1.0,1,100.0,100.0,99.66397849462365,99.96639784946237,99.94
QCC-0001,2025-06,0.99,0.34,245.5,1.5,4.5,0.0,720.0,1.5,4.5,1,1,1.0,0.98,0.99,224.0,202.5,245.5,0.5,2.5,4.5,1.0,1.0,1,1.0,1.0,1,100.0,100.0,99.375,99.9375,79.96
QCC-0001,2025-07,0.97,0.35,87.5,0.93,2.78,0.0,744.0,2.78,8.33,3,3,0.98,0.99,0.97,202.5,245.5,87.5,2.5,4.5,2.78,1.0,1.0,3,1.0,1.0,3,100.0,33.333333333333336,99.6263440860215,79.96263440860216,74.26
QCC-0001,2025-08,0.93,0.35,36.79,0.73,2.18,0.0,744.0,5.08,15.25,7,7,0.99,0.97,0.93,245.5,87.5,36.79,4.5,2.78,2.18,1.0,3.0,7,1.0,3.0,7,100.0,14.285714285714286,99.70698924731182,74.25641321044547,84.95
QCC-0001,2025-09,0.98,0.5,180.5,1.15,3.46,0.0,720.0,2.31,6.92,2,2,0.97,0.93,0.98,87.5,36.79,180.5,2.78,2.18,3.46,3.0,7.0,2,3.0,7.0,2,100.0,50.0,99.51944444444445,84.95194444444445,59.02
QCC-0001,2025-10,0.27,0.16,119.0,0.94,2.83,543.0,744.0,0.94,2.83,1,1,0.93,0.98,0.27,36.79,180.5,119.0,2.18,3.46,2.83,7.0,2.0,1,7.0,2.0,1,31.76470588235294,100.0,99.61962365591398,59.02078589500316,40.0
QCC-0001,2025-11,0.0,0.0,0.0,0.0,0.0,720.0,720.0,0.0,0.0,0,0,0.98,0.27,0.0,180.5,119.0,0.0,3.46,2.83,0.0,2.0,1.0,0,2.0,1.0,0,0.0,100.0,100.0,40.0,40.0
QCC-0001,2025-12,0.0,0.0,0.0,0.0,0.0,744.0,744.0,0.0,0.0,0,0,0.27,0.0,0.0,119.0,0.0,0.0,2.83,0.0,0.0,1.0,0.0,0,1.0,0.0,0,0.0,100.0,100.0,40.0,40.0
QCC-0001,2026-01,0.0,0.0,0.0,0.0,0.0,744.0,744.0,0.0,0.0,0,0,0.0,0.0,0.0,0.0,0.0,0.0,0.0,0.0,0.0,0.0,0.0,0,0.0,0.0,0,0.0,100.0,100.0,40.0,40.0
QCC-0001,2026-02,0.0,0.0,0.0,0.0,0.0,672.0,672.0,0.0,0.0,0,0,0.0,0.0,0.0,0.0,0.0,0.0,0.0,0.0,0.0,0.0,0.0,0,0.0,0.0,0,0.0,100.0,100.0,40.0,40.0
QCC-0001,2026-03,0.0,0.0,0.0,0.0,0.0,744.0,744.0,0.0,0.0,0,0,0.0,0.0,0.0,0.0,0.0,0.0,0.0,0.0,0.0,0.0,0.0,0,0.0,0.0,0,0.0,100.0,100.0,40.0,40.0
QCC-0002,2024-03,0.99,0.35,0.0,0.0,0.0,0.0,744.0,0.0,0.0,0,0,0.99,0.98,0.99,194.0,155.5,0.0,1.83,3.5,0.0,1.0,1.0,0,1.0,1.0,0,100.0,100.0,100.0,100.0,99.73
QCC-0002,2024-04,0.96,0.28,198.5,1.0,19.33,0.0,720.0,1.0,19.33,1,1,0.98,0.99,0.96,155.5,0.0,198.5,3.5,0.0,19.33,1.0,0.0,1,1.0,0.0,1,100.0,100.0,97.31527777777778,99.73152777777779,84.99
QCC-0002,2024-05,1.0,0.33,122.0,0.14,0.5,0.0,744.0,0.28,1.0,2,2,0.99,0.96,1.0,0.0,198.5,122.0,0.0,19.33,0.5,0.0,1.0,2,0.0,1.0,2,100.0,50.0,99.93279569892472,84.99327956989248,99.94
QCC-0002,2024-06,0.98,0.28,204.5,1.0,4.0,0.0,720.0,1.0,4.0,1,0,0.96,1.0,0.98,198.5,122.0,204.5,19.33,0.5,4.0,1.0,2.0,1,1.0,2.0,0,100.0,100.0,99.44444444444444,99.94444444444444,84.98
QCC-0002,2024-07,0.93,0.32,117.25,0.42,1.5,35.37,744.0,0.83,3.0,2,2,1.0,0.98,0.93,122.0,204.5,117.25,0.5,4.0,1.5,2.0,1.0,2,2.0,0.0,2,100.0,50.0,99.79838709677419,84.97983870967742,100.0
QCC-0002,2024-08,0.99,0.28,0.0,0.0,0.0,0.0,744.0,0.0,0.0,0,0,0.98,0.93,0.99,204.5,117.25,0.0,4.0,1.5,0.0,1.0,2.0,0,0.0,2.0,0,100.0,100.0,100.0,100.0,99.99
QCC-0002,2024-09,1.0,0.28,200.0,0.2,0.5,1.0,720.0,0.2,0.5,1,1,0.93,0.99,1.0,117.25,0.0,200.0,1.5,0.0,0.5,2.0,0.0,1,2.0,0.0,1,100.0,100.0,99.93055555555556,99.99305555555556,84.96
QCC-0002,2024-10,0.99,0.29,109.0,0.57,2.83,0.0,744.0,1.14,5.67,2,2,0.99,1.0,0.99,0.0,200.0,109.0,0.0,0.5,2.83,0.0,1.0,2,0.0,1.0,2,100.0,50.0,99.61962365591398,84.9619623655914,99.9
QCC-0002,2024-11,0.98,0.33,239.0,2.33,7.0,0.0,720.0,2.33,7.0,1,1,1.0,0.99,0.98,200.0,109.0,239.0,0.5,2.83,7.0,1.0,2.0,1,1.0,2.0,1,100.0,100.0,99.02777777777779,99.90277777777777,72.15
QCC-0002,2024-12,0.75,0.21,53.17,1.67,58.89,0.0,744.0,5.0,176.67,3,3,0.99,0.98,0.75,109.0,239.0,53.17,2.83,7.0,58.89,2.0,1.0,3,2.0,1.0,3,88.23529411764706,33.333333333333336,92.08467741935485,72.14964421252371,77.38
QCC-0002,2025-01,0.93,0.33,61.25,0.75,9.25,0.0,744.0,3.0,37.0,4,4,0.98,0.75,0.93,239.0,53.17,61.25,7.0,58.89,9.25,1.0,3.0,4,1.0,3.0,4,100.0,25.0,98.75672043010752,77.37567204301075,71.42
QCC-0002,2025-02,0.68,0.29,98.75,0.5,106.5,0.0,672.0,1.0,213.0,2,2,0.75,0.93,0.68,53.17,61.25,98.75,58.89,9.25,106.5,3.0,4.0,2,3.0,4.0,2,80.0,50.0,84.15178571428572,71.41517857142857,84.98
QCC-0002,2025-03,0.99,0.39,145.5,0.5,1.5,0.0,744.0,1.0,3.0,2,2,0.93,0.68,0.99,61.25,98.75,145.5,9.25,106.5,1.5,4.0,2.0,2,4.0,2.0,2,100.0,50.0,99.79838709677419,84.97983870967742,77.45
QCC-0002,2025-04,0.97,0.31,56.5,0.38,3.9,0.0,720.0,1.53,15.58,4,4,0.68,0.99,0.97,98.75,145.5,56.5,106.5,1.5,3.9,2.0,2.0,4,2.0,2.0,4,100.0,25.0,99.45833333333334,77.44583333333334,79.94
QCC-0002,2025-05,0.91,0.27,67.83,1.44,4.33,0.0,744.0,4.33,13.0,3,3,0.99,0.97,0.91,145.5,56.5,67.83,1.5,3.9,4.33,2.0,4.0,3,2.0,4.0,3,100.0,33.333333333333336,99.41801075268816,79.94180107526881,100.0
QCC-0002,2025-06,0.98,0.36,0.0,0.0,0.0,0.0,720.0,0.17,0.0,0,0,0.97,0.91,0.98,56.5,67.83,0.0,3.9,4.33,0.0,4.0,3.0,0,4.0,3.0,0,100.0,100.0,100.0,100.0,100.0
QCC-0002,2025-07,0.97,0.39,289.0,0.11,0.33,0.0,744.0,0.11,0.33,1,1,0.91,0.98,0.97,67.83,0.0,289.0,4.33,0.0,0.33,3.0,0.0,1,3.0,0.0,1,100.0,100.0,99.95564516129032,99.99556451612904,74.94
QCC-0002,2025-08,0.91,0.35,43.25,1.4,4.21,17.33,744.0,8.42,25.25,6,6,0.98,0.97,0.91,0.0,289.0,43.25,0.0,0.33,4.21,0.0,1.0,6,0.0,1.0,6,100.0,16.666666666666668,99.43413978494624,74.94341397849462,74.97
QCC-0002,2025-09,0.94,0.48,57.08,0.66,1.99,0.0,720.0,3.97,11.92,6,6,0.97,0.91,0.94,289.0,43.25,57.08,0.33,4.21,1.99,1.0,6.0,6,1.0,6.0,6,100.0,16.666666666666668,99.72361111111111,74.97236111111111,74.19
QCC-0002,2025-10,0.91,0.53,56.24,2.06,6.9,0.0,744.0,14.44,48.33,7,7,0.91,0.94,0.91,43.25,57.08,56.24,4.21,1.99,6.9,6.0,6.0,7,6.0,6.0,7,100.0,14.285714285714286,99.0725806451613,74.19297235023042,56.0
QCC-0002,2025-11,0.53,0.15,36.67,0.63,101.56,0.0,720.0,1.89,304.67,3,3,0.94,0.91,0.53,57.08,56.24,36.67,1.99,6.9,101.56,6.0,7.0,3,6.0,7.0,3,62.35294117647059,33.333333333333336,85.89444444444445,56.001209150326794,84.91
QCC-0002,2025-12,0.97,0.39,145.0,1.0,7.0,0.0,744.0,2.0,14.0,2,0,0.91,0.53,0.97,56.24,36.67,145.0,6.9,101.56,7.0,7.0,3.0,2,7.0,3.0,0,100.0,50.0,99.05913978494624,84.90591397849462,79.83
QCC-0002,2026-01,0.94,0.45,111.33,0.0,12.85,0.0,744.0,0.0,38.55,3,0,0.53,0.97,0.94,36.67,145.0,111.33,101.56,7.0,12.85,3.0,2.0,3,3.0,0.0,0,100.0,33.333333333333336,98.2728494623656,79.82728494623656,79.98
QCC-0002,2026-02,0.99,0.44,99.33,0.67,1.04,0.0,672.0,2.0,3.13,3,0,0.97,0.94,0.99,145.0,111.33,99.33,7.0,12.85,1.04,2.0,3.0,3,0.0,0.0,0,100.0,33.333333333333336,99.8452380952381,79.98452380952381,77.47
QCC-0002,2026-03,0.98,0.43,80.75,1.0,2.15,0.0,744.0,4.0,8.58,4,0,0.94,0.99,0.98,111.33,99.33,80.75,12.85,1.04,2.15,3.0,3.0,4,0.0,0.0,0,100.0,25.0,99.71102150537634,77.47110215053763,84.99
QCC-0003,2024-03,0.96,0.37,138.75,1.5,13.88,0.0,744.0,3.0,27.75,2,2,0.99,0.99,0.96,137.0,217.5,138.75,4.17,1.0,13.88,2.0,1.0,2,2.0,1.0,2,100.0,50.0,98.13440860215053,84.81344086021505,79.95
QCC-0003,2024-04,0.97,0.37,88.83,0.5,3.44,0.0,720.0,1.5,10.32,3,3,0.99,0.96,0.97,217.5,138.75,88.83,1.0,13.88,3.44,1.0,2.0,3,1.0,2.0,3,100.0,33.333333333333336,99.52222222222223,79.95222222222222,100.0
QCC-0003,2024-05,1.0,0.4,0.0,0.0,0.0,0.0,744.0,0.0,0.0,0,0,0.96,0.97,1.0,138.75,88.83,0.0,13.88,3.44,0.0,2.0,3.0,0,2.0,3.0,0,100.0,100.0,100.0,100.0,100.0
QCC-0003,2024-06,0.99,0.33,0.0,0.0,0.0,0.0,720.0,0.0,0.0,0,0,0.97,1.0,0.99,88.83,0.0,0.0,3.44,0.0,0.0,3.0,0.0,0,3.0,0.0,0,100.0,100.0,100.0,100.0,79.88
QCC-0003,2024-07,0.95,0.4,99.17,0.72,9.18,0.0,744.0,2.17,27.55,3,3,1.0,0.99,0.95,0.0,0.0,99.17,0.0,0.0,9.18,0.0,0.0,3,0.0,0.0,3,100.0,33.333333333333336,98.76612903225806,79.8766129032258,100.0
QCC-0003,2024-08,0.99,0.38,280.0,0.06,0.33,0.0,744.0,0.06,0.33,1,1,0.99,0.95,0.99,0.0,99.17,280.0,0.0,9.18,0.33,0.0,3.0,1,0.0,3.0,1,100.0,100.0,99.95564516129032,99.99556451612904,99.94
QCC-0003,2024-09,0.96,0.38,275.0,1.5,4.0,0.0,720.0,1.5,4.0,1,1,0.95,0.99,0.96,99.17,280.0,275.0,9.18,0.33,4.0,3.0,1.0,1,3.0,1.0,1,100.0,100.0,99.44444444444444,99.94444444444444,100.0
QCC-0003,2024-10,1.0,0.37,0.0,0.0,0.0,0.0,744.0,0.0,0.0,0,0,0.99,0.96,1.0,280.0,275.0,0.0,0.33,4.0,0.0,1.0,1.0,0,1.0,1.0,0,100.0,100.0,100.0,100.0,79.97
QCC-0003,2024-11,0.98,0.51,122.17,0.65,2.26,0.0,720.0,1.96,6.77,3,3,0.96,1.0,0.98,275.0,0.0,122.17,4.0,0.0,2.26,1.0,0.0,3,1.0,0.0,3,100.0,33.333333333333336,99.6861111111111,79.96861111111112,99.98
QCC-0003,2024-12,0.99,0.49,361.5,0.56,1.67,0.0,744.0,0.56,1.67,1,1,1.0,0.98,0.99,0.0,122.17,361.5,0.0,2.26,1.67,0.0,3.0,1,0.0,3.0,1,100.0,100.0,99.77553763440861,99.97755376344087,84.99
QCC-0003,2025-01,0.91,0.42,157.5,0.25,0.75,0.0,744.0,0.5,1.5,2,2,0.98,0.99,0.91,122.17,361.5,157.5,2.26,1.67,0.75,3.0,1.0,2,3.0,1.0,2,100.0,50.0,99.8991935483871,84.98991935483872,100.0
QCC-0003,2025-02,0.99,0.55,0.0,0.0,0.0,0.0,672.0,0.0,0.0,0,0,0.99,0.91,0.99,361.5,157.5,0.0,1.67,0.75,0.0,1.0,2.0,0,1.0,2.0,0,100.0,100.0,100.0,100.0,84.59
QCC-0003,2025-03,0.92,0.45,165.75,3.25,30.75,0.0,744.0,6.5,61.5,2,2,0.91,0.99,0.92,157.5,0.0,165.75,0.75,0.0,30.75,2.0,0.0,2,2.0,0.0,2,100.0,50.0,95.86693548387096,84.5866935483871,88.69
QCC-0003,2025-04,0.69,0.26,187.0,0.33,1.0,0.0,720.0,0.33,1.0,1,1,0.99,0.92,0.69,0.0,165.75,187.0,0.0,30.75,1.0,0.0,2.0,1,0.0,2.0,1,81.17647058823529,100.0,99.86111111111111,88.69199346405229,74.93
QCC-0003,2025-05,0.95,0.39,47.75,1.06,5.35,0.0,744.0,6.37,32.1,6,6,0.92,0.69,0.95,165.75,187.0,47.75,30.75,1.0,5.35,2.0,1.0,6,2.0,1.0,6,100.0,16.666666666666668,99.28091397849462,74.92809139784947,100.0
QCC-0003,2025-06,0.89,0.34,0.0,0.0,0.0,0.0,720.0,0.83,0.0,0,0,0.69,0.95,0.89,187.0,47.75,0.0,1.0,5.35,0.0,1.0,6.0,0,1.0,6.0,0,100.0,100.0,100.0,100.0,99.98
QCC-0003,2025-07,0.99,0.45,332.0,0.54,1.62,0.0,744.0,0.54,1.62,1,1,0.95,0.89,0.99,47.75,0.0,332.0,5.35,0.0,1.62,6.0,0.0,1,6.0,0.0,1,100.0,100.0,99.78225806451613,99.97822580645162,84.98
QCC-0003,2025-08,0.99,0.49,183.25,0.49,1.48,0.0,744.0,0.98,2.95,2,2,0.89,0.99,0.99,0.0,332.0,183.25,0.0,1.62,1.48,0.0,1.0,2,0.0,1.0,2,100.0,50.0,99.80107526881721,84.98010752688172,75.95
QCC-0003,2025-09,0.97,0.54,77.8,1.11,3.32,0.0,720.0,5.53,16.58,5,5,0.99,0.99,0.97,332.0,183.25,77.8,1.62,1.48,3.32,1.0,2.0,5,1.0,2.0,5,100.0,20.0,99.53888888888889,75.95388888888888,74.26
QCC-0003,2025-10,0.98,0.67,71.21,0.58,1.73,0.0,744.0,4.03,12.08,7,7,0.99,0.97,0.98,183.25,77.8,71.21,1.48,3.32,1.73,2.0,5.0,7,2.0,5.0,7,100.0,14.285714285714286,99.76747311827957,74.26246159754226,75.98
QCC-0003,2025-11,0.93,0.52,74.9,0.49,1.47,0.0,720.0,2.44,7.33,5,5,0.97,0.98,0.93,77.8,71.21,74.9,3.32,1.73,1.47,5.0,7.0,5,5.0,7.0,5,100.0,20.0,99.79583333333333,75.97958333333334,75.9
QCC-0003,2025-12,0.94,0.53,78.8,1.0,7.54,0.0,744.0,5.0,37.7,5,0,0.98,0.93,0.94,71.21,74.9,78.8,1.73,1.47,7.54,7.0,5.0,5,7.0,5.0,0,100.0,20.0,98.98655913978494,75.8986559139785,77.48
QCC-0003,2026-01,0.99,0.44,81.0,0.0,1.47,0.0,744.0,0.0,5.88,4,0,0.93,0.94,0.99,74.9,78.8,81.0,1.47,7.54,1.47,5.0,5.0,4,5.0,0.0,0,100.0,25.0,99.80241935483872,77.48024193548387,75.97
QCC-0003,2026-02,0.98,0.56,74.6,0.4,1.78,0.0,672.0,2.0,8.89,5,0,0.94,0.99,0.98,78.8,81.0,74.6,7.54,1.47,1.78,5.0,4.0,5,0.0,0.0,0,100.0,20.0,99.73511904761905,75.9735119047619,79.98
QCC-0003,2026-03,0.99,0.5,124.67,1.0,1.49,0.0,744.0,3.0,4.47,3,0,0.99,0.98,0.99,81.0,74.6,124.67,1.47,1.78,1.49,4.0,5.0,3,0.0,0.0,0,100.0,33.333333333333336,99.79973118279571,79.97997311827957,73.71
QCC-0004,2024-03,0.94,0.41,0.0,0.0,0.0,0.0,744.0,0.0,0.0,0,0,1.0,0.99,0.94,95.35,0.0,0.0,0.56,0.0,0.0,3.0,0.0,0,3.0,0.0,0,100.0,100.0,100.0,100.0,100.0
QCC-0004,2024-04,0.99,0.33,0.0,0.0,0.0,0.0,720.0,0.0,0.0,0,0,0.99,0.94,0.99,0.0,0.0,0.0,0.0,0.0,0.0,0.0,0.0,0,0.0,0.0,0,100.0,100.0,100.0,100.0,100.0
QCC-0004,2024-05,1.0,0.39,0.0,0.0,0.0,0.0,744.0,0.0,0.0,0,0,0.94,0.99,1.0,0.0,0.0,0.0,0.0,0.0,0.0,0.0,0.0,0,0.0,0.0,0,100.0,100.0,100.0,100.0,100.0
QCC-0004,2024-06,0.99,0.36,0.0,0.0,0.0,0.0,720.0,0.0,0.0,0,0,0.99,1.0,0.99,0.0,0.0,0.0,0.0,0.0,0.0,0.0,0.0,0,0.0,0.0,0,100.0,100.0,100.0,100.0,100.0
QCC-0004,2024-07,1.0,0.41,0.0,0.0,0.0,0.0,744.0,0.0,0.0,0,0,1.0,0.99,1.0,0.0,0.0,0.0,0.0,0.0,0.0,0.0,0.0,0,0.0,0.0,0,100.0,100.0,100.0,100.0,77.48
QCC-0004,2024-08,0.98,0.4,74.75,0.34,1.14,0.0,744.0,1.35,4.55,4,4,0.99,1.0,0.98,0.0,0.0,74.75,0.0,0.0,1.14,0.0,0.0,4,0.0,0.0,4,100.0,25.0,99.84677419354838,77.48467741935484,77.42
QCC-0004,2024-09,0.97,0.39,70.75,0.44,5.63,0.0,720.0,1.78,22.5,4,4,1.0,0.98,0.97,0.0,74.75,70.75,0.0,1.14,5.63,0.0,4.0,4,0.0,4.0,4,100.0,25.0,99.21805555555555,77.42180555555555,79.93
QCC-0004,2024-10,0.96,0.4,99.67,0.7,5.44,0.0,744.0,2.11,16.33,3,3,0.98,0.97,0.96,74.75,70.75,99.67,1.14,5.63,5.44,4.0,4.0,3,4.0,4.0,3,100.0,33.333333333333336,99.26881720430107,79.9268817204301,79.98
QCC-0004,2024-11,0.99,0.52,124.5,0.42,1.25,0.0,720.0,1.25,3.75,3,3,0.97,0.96,0.99,70.75,99.67,124.5,5.63,5.44,1.25,4.0,3.0,3,4.0,3.0,3,100.0,33.333333333333336,99.82638888888889,79.98263888888889,79.99
QCC-0004,2024-12,1.0,0.46,113.0,0.04,0.54,0.0,744.0,0.12,1.62,3,3,0.96,0.99,1.0,99.67,124.5,113.0,5.44,1.25,0.54,3.0,3.0,3,3.0,3.0,3,100.0,33.333333333333336,99.9274193548387,79.99274193548388,100.0
QCC-0004,2025-01,0.99,0.44,0.0,0.0,0.0,0.0,744.0,0.0,0.0,0,0,0.99,1.0,0.99,124.5,113.0,0.0,1.25,0.54,0.0,3.0,3.0,0,3.0,3.0,0,100.0,100.0,100.0,100.0,75.96
QCC-0004,2025-02,0.97,0.54,72.8,0.2,2.8,0.0,672.0,1.0,14.0,5,5,1.0,0.99,0.97,113.0,0.0,72.8,0.54,0.0,2.8,3.0,0.0,5,3.0,0.0,5,100.0,20.0,99.58333333333333,75.95833333333333,84.79
QCC-0004,2025-03,0.96,0.49,182.5,4.04,15.7,0.0,744.0,8.08,31.4,2,2,0.99,0.97,0.96,0.0,72.8,182.5,0.0,2.8,15.7,0.0,5.0,2,0.0,5.0,2,100.0,50.0,97.88978494623656,84.78897849462365,100.0
QCC-0004,2025-04,0.99,0.3,0.0,0.0,0.0,0.0,720.0,0.0,0.0,0,0,0.97,0.96,0.99,72.8,182.5,0.0,2.8,15.7,0.0,5.0,2.0,0,5.0,2.0,0,100.0,100.0,100.0,100.0,100.0
QCC-0004,2025-05,0.95,0.42,314.5,0.11,0.33,0.0,744.0,0.11,0.33,1,1,0.96,0.99,0.95,182.5,0.0,314.5,15.7,0.0,0.33,2.0,0.0,1,2.0,0.0,1,100.0,100.0,99.95564516129032,99.99556451612904,100.0
QCC-0004,2025-06,0.99,0.43,0.0,0.0,0.0,0.0,720.0,0.0,0.0,0,0,0.99,0.95,0.99,0.0,314.5,0.0,0.0,0.33,0.0,0.0,1.0,0,0.0,1.0,0,100.0,100.0,100.0,100.0,79.95
QCC-0004,2025-07,0.97,0.46,115.17,1.3,3.89,0.0,744.0,3.89,11.67,3,3,0.95,0.99,0.97,314.5,0.0,115.17,0.33,0.0,3.89,1.0,0.0,3,1.0,0.0,3,100.0,33.333333333333336,99.4771505376344,79.94771505376345,79.99
QCC-0004,2025-08,0.98,0.51,126.33,0.19,0.58,0.0,744.0,0.58,1.75,3,3,0.99,0.97,0.98,0.0,115.17,126.33,0.0,3.89,0.58,0.0,3.0,3,0.0,3.0,3,100.0,33.333333333333336,99.92204301075269,79.99220430107528,84.95
QCC-0004,2025-09,0.98,0.57,203.5,1.11,3.33,0.0,720.0,2.22,6.67,2,2,0.97,0.98,0.98,115.17,126.33,203.5,3.89,0.58,3.33,3.0,3.0,2,3.0,3.0,2,100.0,50.0,99.5375,84.95375,77.47
QCC-0004,2025-10,0.98,0.57,106.25,0.86,2.58,0.0,744.0,3.44,10.33,4,4,0.98,0.98,0.98,126.33,203.5,106.25,0.58,3.33,2.58,3.0,2.0,4,3.0,2.0,4,100.0,25.0,99.65322580645162,77.46532258064516,84.98
QCC-0004,2025-11,0.99,0.53,189.5,0.42,1.25,0.0,720.0,0.83,2.5,2,2,0.98,0.98,0.99,203.5,106.25,189.5,3.33,2.58,1.25,2.0,4.0,2,2.0,4.0,2,100.0,50.0,99.82638888888889,84.98263888888889,79.87
QCC-0004,2025-12,0.95,0.43,106.33,1.0,10.03,0.0,744.0,3.0,30.08,3,0,0.98,0.99,0.95,106.25,189.5,106.33,2.58,1.25,10.03,4.0,2.0,3,4.0,2.0,0,100.0,33.333333333333336,98.65188172043011,79.86518817204302,77.41
QCC-0004,2026-01,0.96,0.32,59.0,0.0,6.83,0.0,744.0,0.0,27.3,4,0,0.99,0.95,0.96,189.5,106.33,59.0,1.25,10.03,6.83,2.0,3.0,4,2.0,0.0,0,100.0,25.0,99.08198924731182,77.40819892473118,84.99
QCC-0004,2026-02,1.0,0.56,187.5,0.1,0.47,0.0,672.0,0.2,0.93,2,0,0.95,0.96,1.0,106.33,59.0,187.5,10.03,6.83,0.47,3.0,4.0,2,0.0,0.0,0,100.0,50.0,99.93005952380952,84.99300595238095,74.88
QCC-0004,2026-03,0.92,0.43,53.33,1.0,8.98,0.0,744.0,6.0,53.86,6,0,0.96,1.0,0.92,59.0,187.5,53.33,6.83,0.47,8.98,4.0,2.0,6,0.0,0.0,0,100.0,16.666666666666668,98.79301075268818,74.87930107526881,79.97
QCC-0005,2024-03,0.99,0.02,0.0,0.0,0.0,0.0,744.0,0.0,0.0,0,0,1.0,0.55,0.99,0.0,0.0,0.0,0.0,313.1,0.0,0.0,1.0,0,0.0,1.0,0,100.0,100.0,100.0,100.0,100.0
QCC-0005,2024-04,0.99,0.03,0.0,0.0,0.0,0.0,720.0,0.0,0.0,0,0,0.55,0.99,0.99,0.0,0.0,0.0,313.1,0.0,0.0,1.0,0.0,0,1.0,0.0,0,100.0,100.0,100.0,100.0,99.99
QCC-0005,2024-05,1.0,0.06,41.0,0.45,0.9,0.0,744.0,0.45,0.9,1,1,0.99,0.99,1.0,0.0,0.0,41.0,0.0,0.0,0.9,0.0,0.0,1,0.0,0.0,1,100.0,100.0,99.87903225806451,99.98790322580645,84.98
QCC-0005,2024-06,0.99,0.13,46.75,0.5,1.25,0.0,720.0,1.0,2.5,2,2,0.99,1.0,0.99,0.0,41.0,46.75,0.0,0.9,1.25,0.0,1.0,2,0.0,1.0,2,100.0,50.0,99.82638888888889,84.98263888888889,99.99
QCC-0005,2024-07,0.97,0.04,33.0,0.5,1.0,0.0,744.0,0.5,1.0,1,1,1.0,0.99,0.97,41.0,46.75,33.0,0.9,1.25,1.0,1.0,2.0,1,1.0,2.0,1,100.0,100.0,99.86559139784946,99.98655913978494,99.98
QCC-0005,2024-08,0.99,0.07,50.5,0.44,1.33,0.0,744.0,0.44,1.33,1,1,0.99,0.97,0.99,46.75,33.0,50.5,1.25,1.0,1.33,2.0,1.0,1,2.0,1.0,1,100.0,100.0,99.82123655913978,99.98212365591398,99.97
QCC-0005,2024-09,0.99,0.11,76.0,0.5,2.0,0.0,720.0,0.5,2.0,1,1,0.97,0.99,0.99,33.0,50.5,76.0,1.0,1.33,2.0,1.0,1.0,1,1.0,1.0,1,100.0,100.0,99.72222222222223,99.97222222222223,99.88
QCC-0005,2024-10,0.99,0.12,87.0,1.0,9.0,0.0,744.0,1.0,9.0,1,1,0.99,0.99,0.99,50.5,76.0,87.0,1.33,2.0,9.0,1.0,1.0,1,1.0,1.0,1,100.0,100.0,98.79032258064517,99.87903225806451,77.45
QCC-0005,2024-11,0.76,0.07,24.75,2.83,86.42,0.0,720.0,5.67,172.83,2,2,0.99,0.99,0.76,76.0,87.0,24.75,2.0,9.0,86.42,1.0,1.0,2,1.0,1.0,2,89.41176470588236,50.0,87.99722222222222,77.44678104575164,75.11
QCC-0005,2024-12,0.56,0.04,32.5,1.0,329.0,0.0,744.0,1.0,329.0,1,1,0.99,0.76,0.56,87.0,24.75,32.5,9.0,86.42,329.0,1.0,2.0,1,1.0,2.0,1,65.88235294117648,100.0,55.77956989247313,75.1073687539532,35.65
QCC-0005,2025-01,0.07,0.05,33.5,1.0,691.0,0.0,744.0,1.0,691.0,1,1,0.76,0.56,0.07,24.75,32.5,33.5,86.42,329.0,691.0,2.0,1.0,1,2.0,1.0,1,8.23529411764706,100.0,7.123655913978499,35.65354206198608,55.04
QCC-0005,2025-02,0.31,0.02,11.0,1.5,459.5,0.0,672.0,1.5,459.5,1,1,0.56,0.07,0.31,32.5,33.5,11.0,329.0,691.0,459.5,1.0,1.0,1,1.0,1.0,1,36.470588235294116,100.0,31.622023809523814,55.04455532212884,79.31
QCC-0005,2025-03,0.61,0.12,86.0,1.0,279.0,0.0,744.0,1.0,279.0,1,1,0.07,0.31,0.61,33.5,11.0,86.0,691.0,459.5,279.0,1.0,1.0,1,1.0,1.0,1,71.76470588235294,100.0,62.5,79.30882352941177,74.92
QCC-0005,2025-04,0.95,0.17,20.17,1.91,5.73,0.0,720.0,11.46,34.38,6,6,0.31,0.61,0.95,11.0,86.0,20.17,459.5,279.0,5.73,1.0,1.0,6,1.0,1.0,6,100.0,16.666666666666668,99.20416666666667,74.92041666666667,84.87
QCC-0005,2025-05,0.97,0.21,79.0,1.67,9.5,0.0,744.0,3.33,19.0,2,2,0.61,0.95,0.97,86.0,20.17,79.0,279.0,5.73,9.5,1.0,6.0,2,1.0,6.0,2,100.0,50.0,98.72311827956989,84.87231182795699,84.98
QCC-0005,2025-06,0.98,0.28,100.5,0.42,1.25,0.0,720.0,0.83,2.5,2,2,0.95,0.97,0.98,20.17,79.0,100.5,5.73,9.5,1.25,6.0,2.0,2,6.0,2.0,2,100.0,50.0,99.82638888888889,84.98263888888889,99.95
QCC-0005,2025-07,0.99,0.33,243.0,1.33,4.0,0.0,744.0,1.33,4.0,1,1,0.97,0.98,0.99,79.0,100.5,243.0,9.5,1.25,4.0,2.0,2.0,1,2.0,2.0,1,100.0,100.0,99.46236559139786,99.94623655913979,72.97
QCC-0005,2025-08,0.96,0.37,27.5,0.89,2.59,0.0,744.0,8.86,25.92,10,10,0.98,0.99,0.96,100.5,243.0,27.5,1.25,4.0,2.59,2.0,1.0,10,2.0,1.0,10,100.0,10.0,99.6518817204301,72.96518817204301,70.01
QCC-0005,2025-09,0.81,0.38,27.45,1.44,11.74,12.67,720.0,14.36,117.4,10,10,0.99,0.96,0.81,243.0,27.5,27.45,4.0,2.59,11.74,1.0,10.0,10,1.0,10.0,10,95.29411764705881,10.0,98.36944444444444,70.01341503267973,72.48
QCC-0005,2025-10,0.97,0.65,40.25,0.44,1.33,0.0,744.0,5.33,16.0,12,12,0.96,0.81,0.97,27.5,27.45,40.25,2.59,11.74,1.33,10.0,10.0,12,10.0,10.0,12,100.0,8.333333333333334,99.82123655913978,72.48212365591398,75.98
QCC-0005,2025-11,0.99,0.45,64.1,0.36,1.08,0.0,720.0,1.81,5.42,5,5,0.81,0.97,0.99,27.45,40.25,64.1,11.74,1.33,1.08,10.0,12.0,5,10.0,12.0,5,100.0,20.0,99.85000000000001,75.985,77.35
QCC-0005,2025-12,0.93,0.28,52.5,1.0,11.13,0.0,744.0,4.0,44.5,4,0,0.97,0.99,0.93,40.25,64.1,52.5,1.33,1.08,11.13,12.0,5.0,4,12.0,5.0,0,100.0,25.0,98.50403225806451,77.35040322580645,74.84
QCC-0005,2026-01,0.9,0.41,50.5,0.0,11.92,0.0,744.0,0.0,71.51,6,0,0.99,0.93,0.9,64.1,52.5,50.5,1.08,11.13,11.92,5.0,4.0,6,5.0,0.0,0,100.0,16.666666666666668,98.3978494623656,74.83978494623656,74.97
QCC-0005,2026-02,0.96,0.52,58.67,0.5,2.02,0.0,672.0,3.0,12.14,6,0,0.93,0.9,0.96,52.5,50.5,58.67,11.13,11.92,2.02,4.0,6.0,6,0.0,0.0,0,100.0,16.666666666666668,99.69940476190476,74.96994047619047,75.88
QCC-0005,2026-03,0.89,0.33,48.4,1.0,8.94,0.0,744.0,5.0,44.68,5,0,0.9,0.96,0.89,50.5,58.67,48.4,11.92,2.02,8.94,6.0,6.0,5,0.0,0.0,0,100.0,20.0,98.79838709677419,75.87983870967741,72.95
QCC-0006,2024-03,0.65,0.02,15.0,0.25,257.5,0.0,744.0,0.25,257.5,1,1,0.99,1.0,0.65,0.0,0.0,15.0,2.0,0.0,257.5,1.0,0.0,1,1.0,0.0,1,76.47058823529412,100.0,65.38978494623655,82.42133143580011,30.0
QCC-0006,2024-04,0.0,0.0,0.0,1.0,720.0,0.0,720.0,1.0,720.0,1,1,1.0,0.65,0.0,0.0,15.0,0.0,0.0,257.5,720.0,0.0,1.0,1,0.0,1.0,1,0.0,100.0,0.0,30.0,72.07
QCC-0006,2024-05,0.8,0.02,2.4,0.74,29.54,0.0,744.0,3.68,147.72,5,5,0.65,0.0,0.8,15.0,0.0,2.4,257.5,720.0,29.54,1.0,1.0,5,1.0,1.0,5,94.11764705882352,20.0,96.02956989247312,72.07354522454142,79.62
QCC-0006,2024-06,0.88,0.13,31.67,0.67,27.34,0.0,720.0,2.0,82.02,3,3,0.0,0.8,0.88,0.0,2.4,31.67,720.0,29.54,27.34,1.0,5.0,3,1.0,5.0,3,100.0,33.333333333333336,96.20277777777778,79.62027777777777,99.64
QCC-0006,2024-07,0.96,0.1,77.5,1.0,27.0,0.0,744.0,1.0,27.0,1,1,0.8,0.88,0.96,2.4,31.67,77.5,29.54,27.34,27.0,5.0,3.0,1,5.0,3.0,1,100.0,100.0,96.37096774193549,99.63709677419355,84.83
QCC-0006,2024-08,0.96,0.11,41.75,0.6,12.87,0.0,744.0,1.2,25.73,2,2,0.88,0.96,0.96,31.67,77.5,41.75,27.34,27.0,12.87,3.0,1.0,2,3.0,1.0,2,100.0,50.0,98.27016129032258,84.82701612903226,100.0
QCC-0006,2024-09,1.0,0.17,0.0,0.0,0.0,0.0,720.0,0.0,0.0,0,0,0.96,0.96,1.0,77.5,41.75,0.0,27.0,12.87,0.0,1.0,2.0,0,1.0,2.0,0,100.0,100.0,100.0,100.0,99.89
QCC-0006,2024-10,0.99,0.12,89.0,1.33,8.0,0.0,744.0,1.33,8.0,1,1,0.96,1.0,0.99,41.75,0.0,89.0,12.87,0.0,8.0,2.0,0.0,1,2.0,0.0,1,100.0,100.0,98.9247311827957,99.89247311827957,72.75
QCC-0006,2024-11,0.79,0.15,26.25,1.25,37.14,0.0,720.0,5.0,148.57,4,4,1.0,0.99,0.79,0.0,89.0,26.25,0.0,8.0,37.14,0.0,1.0,4,0.0,1.0,4,92.94117647058823,25.0,94.84166666666667,72.74887254901961,78.02
QCC-0006,2024-12,0.83,0.06,16.0,2.5,42.0,0.0,744.0,7.5,126.0,3,3,0.99,0.79,0.83,89.0,26.25,16.0,8.0,37.14,42.0,1.0,4.0,3,1.0,4.0,3,97.6470588235294,33.333333333333336,94.35483870967742,78.02371916508538,99.8
QCC-0006,2025-01,0.98,0.09,68.0,1.64,14.55,0.0,744.0,1.64,14.55,1,1,0.79,0.83,0.98,26.25,16.0,68.0,37.14,42.0,14.55,4.0,3.0,1,4.0,3.0,1,100.0,100.0,98.04435483870968,99.80443548387098,98.94
QCC-0006,2025-02,0.85,0.12,81.0,0.0,71.0,0.0,672.0,0.0,71.0,1,1,0.83,0.98,0.85,16.0,68.0,81.0,42.0,14.55,71.0,3.0,1.0,1,3.0,1.0,1,100.0,100.0,89.43452380952381,98.94345238095238,99.97
QCC-0006,2025-03,0.99,0.17,127.5,1.0,2.0,0.0,744.0,1.0,2.0,1,1,0.98,0.85,0.99,68.0,81.0,127.5,14.55,71.0,2.0,1.0,1.0,1,1.0,1.0,1,100.0,100.0,99.73118279569893,99.97311827956989,99.99
QCC-0006,2025-04,0.99,0.2,144.5,0.17,0.5,0.0,720.0,0.17,0.5,1,1,0.85,0.99,0.99,81.0,127.5,144.5,71.0,2.0,0.5,1.0,1.0,1,1.0,1.0,1,100.0,100.0,99.93055555555556,99.99305555555556,77.41
QCC-0006,2025-05,0.96,0.22,40.25,2.25,6.75,0.0,744.0,9.0,27.0,4,4,0.99,0.99,0.96,127.5,144.5,40.25,2.0,0.5,6.75,1.0,1.0,4,1.0,1.0,4,100.0,25.0,99.09274193548387,77.40927419354838,79.97
QCC-0006,2025-06,0.96,0.27,65.5,0.3,2.28,0.0,720.0,0.89,6.83,3,3,0.99,0.96,0.96,144.5,40.25,65.5,0.5,6.75,2.28,1.0,4.0,3,1.0,4.0,3,100.0,33.333333333333336,99.68333333333334,79.96833333333333,84.98
QCC-0006,2025-07,0.99,0.36,132.75,0.44,1.21,0.0,744.0,0.88,2.42,2,2,0.96,0.96,0.99,40.25,65.5,132.75,6.75,2.28,1.21,4.0,3.0,2,4.0,3.0,2,100.0,50.0,99.83736559139786,84.98373655913979,72.97
QCC-0006,2025-08,0.96,0.36,26.9,0.68,2.05,0.0,744.0,6.84,20.52,10,10,0.96,0.99,0.96,65.5,132.75,26.9,2.28,1.21,2.05,3.0,2.0,10,3.0,2.0,10,100.0,10.0,99.72446236559139,72.97244623655914,72.68
QCC-0006,2025-09,0.93,0.46,30.14,1.18,3.55,0.0,720.0,13.0,39.0,11,11,0.99,0.96,0.93,132.75,26.9,30.14,1.21,2.05,3.55,2.0,10.0,11,2.0,10.0,11,100.0,9.090909090909092,99.50694444444444,72.67796717171717,66.72
QCC-0006,2025-10,0.76,0.41,33.67,1.63,19.62,0.0,744.0,14.69,176.58,9,9,0.96,0.93,0.76,26.9,30.14,33.67,2.05,3.55,19.62,10.0,11.0,9,10.0,11.0,9,89.41176470588236,11.11111111111111,97.36290322580645,66.71668247944339,75.84
QCC-0006,2025-11,0.91,0.45,64.7,3.87,11.6,0.0,720.0,19.33,58.0,5,5,0.93,0.76,0.91,30.14,33.67,64.7,3.55,19.62,11.6,11.0,9.0,5,11.0,9.0,5,100.0,20.0,98.38888888888889,75.83888888888889,75.87
QCC-0006,2025-12,0.93,0.38,57.0,1.0,9.77,0.0,744.0,5.0,48.83,5,0,0.76,0.91,0.93,33.67,64.7,57.0,19.62,11.6,9.77,9.0,5.0,5,9.0,5.0,0,100.0,20.0,98.68682795698925,75.86868279569893,72.92
QCC-0006,2026-01,0.92,0.28,20.9,0.0,6.32,0.0,744.0,0.0,63.21,10,0,0.91,0.93,0.92,64.7,57.0,20.9,11.6,9.77,6.32,5.0,5.0,10,5.0,0.0,0,100.0,10.0,99.1505376344086,72.91505376344085,72.93
QCC-0006,2026-02,0.86,0.37,24.8,0.3,4.61,8.05,672.0,3.0,46.12,10,0,0.93,0.92,0.86,57.0,20.9,24.8,9.77,6.32,4.61,5.0,10.0,10,0.0,0.0,0,100.0,10.0,99.31398809523809,72.93139880952381,72.93
QCC-0006,2026-03,0.93,0.28,20.8,1.0,4.94,0.0,744.0,10.0,49.4,10,0,0.92,0.86,0.93,20.9,24.8,20.8,6.32,4.61,4.94,10.0,10.0,10,0.0,0.0,0,100.0,10.0,99.33602150537635,72.93360215053764,61.87
RST-0001,2024-03,1.0,0.58,0.0,0.0,0.0,0.0,744.0,0.0,0.0,0,0,0.99,1.0,1.0,169.75,0.0,0.0,0.96,0.0,0.0,2.0,0.0,0,2.0,0.0,0,100.0,100.0,100.0,100.0,99.97
RST-0001,2024-04,0.99,0.29,211.5,1.0,2.0,0.0,720.0,1.0,2.0,1,1,1.0,1.0,0.99,0.0,0.0,211.5,0.0,0.0,2.0,0.0,0.0,1,0.0,0.0,1,100.0,100.0,99.72222222222223,99.97222222222223,100.0
RST-0001,2024-05,1.0,0.45,0.0,0.0,0.0,0.0,744.0,0.0,0.0,0,0,1.0,0.99,1.0,0.0,211.5,0.0,0.0,2.0,0.0,0.0,1.0,0,0.0,1.0,0,100.0,100.0,100.0,100.0,99.99
RST-0001,2024-06,1.0,0.49,354.5,0.12,0.37,0.0,720.0,0.12,0.37,1,0,0.99,1.0,1.0,211.5,0.0,354.5,2.0,0.0,0.37,1.0,0.0,1,1.0,0.0,0,100.0,100.0,99.9486111111111,99.9948611111111,100.0
RST-0001,2024-07,0.99,0.57,0.0,0.0,0.0,0.0,744.0,0.0,0.0,0,0,1.0,1.0,0.99,0.0,354.5,0.0,0.0,0.37,0.0,0.0,1.0,0,0.0,0.0,0,100.0,100.0,100.0,100.0,99.95
RST-0001,2024-08,0.99,0.48,354.5,0.75,3.75,0.0,744.0,0.75,3.75,1,1,1.0,0.99,0.99,354.5,0.0,354.5,0.37,0.0,3.75,1.0,0.0,1,0.0,0.0,1,100.0,100.0,99.49596774193549,99.94959677419355,99.93
RST-0001,2024-09,0.97,0.5,360.0,1.0,5.0,0.0,720.0,1.0,5.0,1,1,0.99,0.99,0.97,0.0,354.5,360.0,0.0,3.75,5.0,0.0,1.0,1,0.0,1.0,1,100.0,100.0,99.30555555555556,99.93055555555556,100.0
RST-0001,2024-10,0.99,0.53,0.0,0.0,0.0,0.0,744.0,0.0,0.0,0,0,0.99,0.97,0.99,354.5,360.0,0.0,3.75,5.0,0.0,1.0,1.0,0,1.0,1.0,0,100.0,100.0,100.0,100.0,75.92
RST-0001,2024-11,0.96,0.61,87.2,1.84,5.6,0.0,720.0,9.18,28.0,5,5,0.97,0.99,0.96,360.0,0.0,87.2,5.0,0.0,5.6,1.0,0.0,5,1.0,0.0,5,100.0,20.0,99.22222222222223,75.92222222222222,33.24
RST-0001,2024-12,0.04,0.0,0.0,1.0,713.0,0.0,744.0,1.0,713.0,1,1,0.99,0.96,0.04,0.0,87.2,0.0,0.0,5.6,713.0,0.0,5.0,1,0.0,5.0,1,4.705882352941177,100.0,4.1666666666666625,33.24019607843137,87.21
RST-0001,2025-01,0.71,0.19,142.5,1.0,216.0,0.0,744.0,1.0,216.0,1,1,0.96,0.04,0.71,87.2,0.0,142.5,5.6,713.0,216.0,5.0,1.0,1,5.0,1.0,1,83.52941176470588,100.0,70.96774193548387,87.21442125237192,49.21
RST-0001,2025-02,0.44,0.25,56.17,0.73,124.17,0.0,672.0,2.2,372.5,3,3,0.04,0.71,0.44,0.0,142.5,56.17,713.0,216.0,124.17,1.0,1.0,3,1.0,1.0,3,51.76470588235295,33.333333333333336,81.52232142857143,49.21105567226891,26.29
RST-0001,2025-03,0.13,0.07,18.33,2.67,214.67,0.0,744.0,8.0,644.0,3,3,0.71,0.44,0.13,142.5,56.17,18.33,216.0,124.17,214.67,1.0,3.0,3,1.0,3.0,3,15.294117647058824,33.333333333333336,71.14650537634408,26.2911211258697,30.0
RST-0001,2025-04,0.0,0.0,0.0,1.0,720.0,0.0,720.0,1.0,720.0,1,1,0.44,0.13,0.0,56.17,18.33,0.0,124.17,214.67,720.0,3.0,3.0,1,3.0,3.0,1,0.0,100.0,0.0,30.0,70.25
RST-0001,2025-05,0.5,0.26,196.0,1.0,375.0,0.0,744.0,1.0,375.0,1,1,0.13,0.0,0.5,18.33,0.0,196.0,214.67,720.0,375.0,3.0,1.0,1,3.0,1.0,1,58.82352941176471,100.0,49.596774193548384,70.25379506641366,100.0
RST-0001,2025-06,0.99,0.63,0.0,0.0,0.0,0.0,720.0,0.0,0.0,0,0,0.0,0.5,0.99,0.0,196.0,0.0,720.0,375.0,0.0,1.0,1.0,0,1.0,1.0,0,100.0,100.0,100.0,100.0,99.99
RST-0001,2025-07,0.99,0.74,548.5,0.33,1.0,0.0,744.0,0.33,1.0,1,1,0.5,0.99,0.99,196.0,0.0,548.5,375.0,0.0,1.0,1.0,0.0,1,1.0,0.0,1,100.0,100.0,99.86559139784946,99.98655913978494,100.0
RST-0001,2025-08,0.99,0.75,0.0,0.0,0.0,0.0,744.0,0.0,0.0,0,0,0.99,0.99,0.99,0.0,548.5,0.0,0.0,1.0,0.0,0.0,1.0,0,0.0,1.0,0,100.0,100.0,100.0,100.0,77.45
RST-0001,2025-09,0.96,0.78,141.25,1.28,3.83,0.0,720.0,5.11,15.33,4,4,0.99,0.99,0.96,548.5,0.0,141.25,1.0,0.0,3.83,1.0,0.0,4,1.0,0.0,4,100.0,25.0,99.46805555555555,77.44680555555556,100.0
RST-0001,2025-10,0.99,0.81,0.0,0.0,0.0,0.0,744.0,0.0,0.0,0,0,0.99,0.96,0.99,0.0,141.25,0.0,0.0,3.83,0.0,0.0,4.0,0,0.0,4.0,0,100.0,100.0,100.0,100.0,84.87
RST-0001,2025-11,0.89,0.71,255.75,2.0,9.21,0.0,720.0,4.0,18.42,2,2,0.96,0.99,0.89,141.25,0.0,255.75,3.83,0.0,9.21,4.0,0.0,2,4.0,0.0,2,100.0,50.0,98.72083333333333,84.87208333333334,100.0
RST-0001,2025-12,1.0,0.55,0.0,0.0,0.0,0.0,744.0,0.0,0.0,0,0,0.99,0.89,1.0,0.0,255.75,0.0,0.0,9.21,0.0,0.0,2.0,0,0.0,2.0,0,100.0,100.0,100.0,100.0,99.93
RST-0001,2026-01,0.98,0.51,383.0,0.0,5.5,0.0,744.0,0.0,5.5,1,0,0.89,1.0,0.98,255.75,0.0,383.0,9.21,0.0,5.5,2.0,0.0,1,2.0,0.0,0,100.0,100.0,99.26075268817203,99.9260752688172,100.0
RST-0001,2026-02,1.0,0.67,0.0,0.0,0.0,0.0,672.0,0.0,0.0,0,0,1.0,0.98,1.0,0.0,383.0,0.0,0.0,5.5,0.0,0.0,1.0,0,0.0,0.0,0,100.0,100.0,100.0,100.0,79.96
RST-0001,2026-03,0.98,0.52,129.0,1.0,2.64,0.0,744.0,3.0,7.92,3,0,0.98,1.0,0.98,383.0,0.0,129.0,5.5,0.0,2.64,1.0,0.0,3,0.0,0.0,0,100.0,33.333333333333336,99.64516129032258,79.96451612903226,75.85
RTG-0001,2024-03,0.99,0.42,309.0,0.5,1.0,0.0,744.0,0.5,1.0,1,1,0.98,0.98,0.99,221.75,0.0,309.0,5.53,0.0,1.0,2.0,0.0,1,2.0,0.0,1,100.0,100.0,99.86559139784946,99.98655913978494,100.0
RTG-0001,2024-04,1.0,0.0,0.0,0.0,0.0,0.0,720.0,0.0,0.0,0,0,0.98,0.99,1.0,0.0,309.0,0.0,0.0,1.0,0.0,0.0,1.0,0,0.0,1.0,0,100.0,100.0,100.0,100.0,100.0
RTG-0001,2024-05,1.0,0.0,0.0,0.0,0.0,0.0,744.0,0.0,0.0,0,0,0.99,1.0,1.0,309.0,0.0,0.0,1.0,0.0,0.0,1.0,0.0,0,1.0,0.0,0,100.0,100.0,100.0,100.0,100.0
RTG-0001,2024-06,1.0,0.0,0.0,0.0,0.0,0.0,720.0,0.0,0.0,0,0,1.0,1.0,1.0,0.0,0.0,0.0,0.0,0.0,0.0,0.0,0.0,0,0.0,0.0,0,100.0,100.0,100.0,100.0,100.0
RTG-0001,2024-07,1.0,0.0,0.0,0.0,0.0,0.0,744.0,0.0,0.0,0,0,1.0,1.0,1.0,0.0,0.0,0.0,0.0,0.0,0.0,0.0,0.0,0,0.0,0.0,0,100.0,100.0,100.0,100.0,100.0
RTG-0001,2024-08,1.0,0.0,0.0,0.0,0.0,0.0,744.0,0.0,0.0,0,0,1.0,1.0,1.0,0.0,0.0,0.0,0.0,0.0,0.0,0.0,0.0,0,0.0,0.0,0,100.0,100.0,100.0,100.0,100.0
RTG-0001,2024-09,1.0,0.0,0.0,0.0,0.0,0.0,720.0,0.0,0.0,0,0,1.0,1.0,1.0,0.0,0.0,0.0,0.0,0.0,0.0,0.0,0.0,0,0.0,0.0,0,100.0,100.0,100.0,100.0,100.0
RTG-0001,2024-10,1.0,0.0,0.0,0.0,0.0,0.0,744.0,0.0,0.0,0,0,1.0,1.0,1.0,0.0,0.0,0.0,0.0,0.0,0.0,0.0,0.0,0,0.0,0.0,0,100.0,100.0,100.0,100.0,100.0
RTG-0001,2024-11,1.0,0.0,0.0,0.0,0.0,0.0,720.0,0.0,0.0,0,0,1.0,1.0,1.0,0.0,0.0,0.0,0.0,0.0,0.0,0.0,0.0,0,0.0,0.0,0,100.0,100.0,100.0,100.0,100.0
RTG-0001,2024-12,1.0,0.0,0.0,0.0,0.0,0.0,744.0,0.0,0.0,0,0,1.0,1.0,1.0,0.0,0.0,0.0,0.0,0.0,0.0,0.0,0.0,0,0.0,0.0,0,100.0,100.0,100.0,100.0,38.83
RTG-0001,2025-01,0.11,0.0,0.0,1.0,665.0,0.0,744.0,1.0,665.0,1,1,1.0,1.0,0.11,0.0,0.0,0.0,0.0,0.0,665.0,0.0,0.0,1,0.0,0.0,1,12.941176470588237,100.0,10.618279569892476,38.82653383934219,30.0
RTG-0001,2025-02,0.0,0.0,0.0,0.0,672.0,0.0,672.0,0.0,672.0,1,1,1.0,0.11,0.0,0.0,0.0,0.0,0.0,665.0,672.0,0.0,1.0,1,0.0,1.0,1,0.0,100.0,0.0,30.0,30.0
RTG-0001,2025-03,0.0,0.0,0.0,1.0,744.0,0.0,744.0,1.0,744.0,1,1,0.11,0.0,0.0,0.0,0.0,0.0,665.0,672.0,744.0,1.0,1.0,1,1.0,1.0,1,0.0,100.0,0.0,30.0,30.0
RTG-0001,2025-04,0.0,0.0,0.0,0.0,720.0,0.0,720.0,0.0,720.0,1,1,0.0,0.0,0.0,0.0,0.0,0.0,672.0,744.0,720.0,1.0,1.0,1,1.0,1.0,1,0.0,100.0,0.0,30.0,30.0
RTG-0001,2025-05,0.0,0.0,0.0,1.0,744.0,0.0,744.0,1.0,744.0,1,1,0.0,0.0,0.0,0.0,0.0,0.0,744.0,720.0,744.0,1.0,1.0,1,1.0,1.0,1,0.0,100.0,0.0,30.0,30.0
RTG-0001,2025-06,0.0,0.0,0.0,1.0,720.0,0.0,720.0,1.0,720.0,1,1,0.0,0.0,0.0,0.0,0.0,0.0,720.0,744.0,720.0,1.0,1.0,1,1.0,1.0,1,0.0,100.0,0.0,30.0,30.0
RTG-0001,2025-07,0.0,0.0,0.0,1.0,744.0,0.0,744.0,1.0,744.0,1,1,0.0,0.0,0.0,0.0,0.0,0.0,744.0,720.0,744.0,1.0,1.0,1,1.0,1.0,1,0.0,100.0,0.0,30.0,30.0
RTG-0001,2025-08,0.0,0.0,0.0,1.0,744.0,0.0,744.0,1.0,744.0,1,1,0.0,0.0,0.0,0.0,0.0,0.0,720.0,744.0,744.0,1.0,1.0,1,1.0,1.0,1,0.0,100.0,0.0,30.0,30.0
RTG-0001,2025-09,0.0,0.0,0.0,1.0,720.0,0.0,720.0,1.0,720.0,1,1,0.0,0.0,0.0,0.0,0.0,0.0,744.0,744.0,720.0,1.0,1.0,1,1.0,1.0,1,0.0,100.0,0.0,30.0,30.0
RTG-0001,2025-10,0.0,0.0,0.0,1.0,744.0,0.0,744.0,1.0,744.0,1,1,0.0,0.0,0.0,0.0,0.0,0.0,744.0,720.0,744.0,1.0,1.0,1,1.0,1.0,1,0.0,100.0,0.0,30.0,30.0
RTG-0001,2025-11,0.0,0.0,0.0,1.0,720.0,0.0,720.0,1.0,720.0,1,1,0.0,0.0,0.0,0.0,0.0,0.0,720.0,744.0,720.0,1.0,1.0,1,1.0,1.0,1,0.0,100.0,0.0,30.0,20.0
RTG-0001,2025-12,0.0,0.0,0.0,1.0,372.0,0.0,744.0,2.0,744.0,2,1,0.0,0.0,0.0,0.0,0.0,0.0,744.0,720.0,372.0,1.0,1.0,2,1.0,1.0,1,0.0,50.0,50.0,20.0,30.0
RTG-0001,2026-01,0.0,0.0,0.0,0.0,744.0,0.0,744.0,0.0,744.0,1,1,0.0,0.0,0.0,0.0,0.0,0.0,720.0,372.0,744.0,1.0,2.0,1,1.0,1.0,1,0.0,100.0,0.0,30.0,20.0
RTG-0001,2026-02,0.0,0.0,0.0,0.5,336.0,0.0,672.0,1.0,672.0,2,1,0.0,0.0,0.0,0.0,0.0,0.0,372.0,744.0,336.0,2.0,1.0,2,1.0,1.0,1,0.0,50.0,50.0,20.0,16.67
RTG-0001,2026-03,0.0,0.0,0.0,1.0,248.0,0.0,744.0,3.0,744.0,3,1,0.0,0.0,0.0,0.0,0.0,0.0,744.0,336.0,248.0,1.0,2.0,3,1.0,1.0,1,0.0,33.333333333333336,66.66666666666667,16.666666666666668,12.86
RTG-0002,2024-03,1.0,0.82,0.0,0.0,0.0,0.0,744.0,0.0,0.0,0,0,1.0,1.0,1.0,552.5,0.0,0.0,2.0,0.0,0.0,1.0,0.0,0,1.0,0.0,0,100.0,100.0,100.0,100.0,99.99
RTG-0002,2024-04,1.0,0.71,509.5,0.25,0.75,0.0,720.0,0.25,0.75,1,1,1.0,1.0,1.0,0.0,0.0,509.5,0.0,0.0,0.75,0.0,0.0,1,0.0,0.0,1,100.0,100.0,99.89583333333333,99.98958333333333,100.0
RTG-0002,2024-05,1.0,0.83,0.0,0.0,0.0,0.0,744.0,0.0,0.0,0,0,1.0,1.0,1.0,0.0,509.5,0.0,0.0,0.75,0.0,0.0,1.0,0,0.0,1.0,0,100.0,100.0,100.0,100.0,100.0
RTG-0002,2024-06,0.99,0.79,0.0,0.0,0.0,0.0,720.0,0.0,0.0,0,0,1.0,1.0,0.99,509.5,0.0,0.0,0.75,0.0,0.0,1.0,0.0,0,1.0,0.0,0,100.0,100.0,100.0,100.0,79.98
RTG-0002,2024-07,0.98,0.82,203.33,0.76,1.72,0.0,744.0,2.27,5.17,3,3,1.0,0.99,0.98,0.0,0.0,203.33,0.0,0.0,1.72,0.0,0.0,3,0.0,0.0,3,100.0,33.333333333333336,99.76881720430107,79.9768817204301,98.59
RTG-0002,2024-08,0.83,0.62,0.0,0.0,0.0,0.0,744.0,0.0,0.0,0,0,0.99,0.98,0.83,0.0,203.33,0.0,0.0,1.72,0.0,0.0,3.0,0,0.0,3.0,0,97.6470588235294,100.0,100.0,98.58823529411764,84.99
RTG-0002,2024-09,1.0,0.85,306.75,0.25,0.75,0.0,720.0,0.5,1.5,2,2,0.98,0.83,1.0,203.33,0.0,306.75,1.72,0.0,0.75,3.0,0.0,2,3.0,0.0,2,100.0,50.0,99.89583333333333,84.98958333333333,77.41
RTG-0002,2024-10,0.96,0.82,152.5,0.46,6.37,0.0,744.0,1.83,25.5,4,4,0.83,1.0,0.96,0.0,306.75,152.5,0.0,0.75,6.37,0.0,2.0,4,0.0,2.0,4,100.0,25.0,99.14381720430107,77.4143817204301,99.72
RTG-0002,2024-11,0.97,0.86,620.0,6.67,20.0,0.0,720.0,6.67,20.0,1,1,1.0,0.96,0.97,306.75,152.5,620.0,0.75,6.37,20.0,2.0,4.0,1,2.0,4.0,1,100.0,100.0,97.22222222222221,99.72222222222223,99.99
RTG-0002,2024-12,0.99,0.84,624.5,0.39,0.5,0.0,744.0,0.39,0.5,1,1,0.96,0.97,0.99,152.5,620.0,624.5,6.37,20.0,0.5,4.0,1.0,1,4.0,1.0,1,100.0,100.0,99.93279569892472,99.99327956989248,100.0
RTG-0002,2025-01,1.0,0.27,0.0,0.0,0.0,0.0,744.0,0.0,0.0,0,0,0.97,0.99,1.0,620.0,624.5,0.0,20.0,0.5,0.0,1.0,1.0,0,1.0,1.0,0,100.0,100.0,100.0,100.0,98.95
RTG-0002,2025-02,0.89,0.57,383.5,2.5,70.5,0.0,672.0,2.5,70.5,1,1,0.99,1.0,0.89,624.5,0.0,383.5,0.5,0.0,70.5,1.0,0.0,1,1.0,0.0,1,100.0,100.0,89.50892857142857,98.95089285714286,99.99
RTG-0002,2025-03,1.0,0.79,587.5,0.17,0.5,0.0,744.0,0.17,0.5,1,1,1.0,0.89,1.0,0.0,383.5,587.5,0.0,70.5,0.5,0.0,1.0,1,0.0,1.0,1,100.0,100.0,99.93279569892472,99.99327956989248,99.99
RTG-0002,2025-04,0.99,0.84,606.0,0.25,0.75,0.0,720.0,0.25,0.75,1,1,0.89,1.0,0.99,383.5,587.5,606.0,70.5,0.5,0.75,1.0,1.0,1,1.0,1.0,1,100.0,100.0,99.89583333333333,99.98958333333333,100.0
RTG-0002,2025-05,1.0,0.86,0.0,0.0,0.0,0.0,744.0,0.0,0.0,0,0,1.0,0.99,1.0,587.5,606.0,0.0,0.5,0.75,0.0,1.0,1.0,0,1.0,1.0,0,100.0,100.0,100.0,100.0,100.0
RTG-0002,2025-06,0.99,0.83,0.0,0.0,0.0,0.0,720.0,0.0,0.0,0,0,0.99,1.0,0.99,606.0,0.0,0.0,0.75,0.0,0.0,1.0,0.0,0,1.0,0.0,0,100.0,100.0,100.0,100.0,99.99
RTG-0002,2025-07,1.0,0.86,643.5,0.17,0.5,0.0,744.0,0.17,0.5,1,1,1.0,0.99,1.0,0.0,0.0,643.5,0.0,0.0,0.5,0.0,0.0,1,0.0,0.0,1,100.0,100.0,99.93279569892472,99.99327956989248,99.99
RTG-0002,2025-08,0.98,0.85,634.0,0.33,1.0,0.0,744.0,0.33,1.0,1,1,0.99,1.0,0.98,0.0,643.5,634.0,0.0,0.5,1.0,0.0,1.0,1,0.0,1.0,1,100.0,100.0,99.86559139784946,99.98655913978494,84.98
RTG-0002,2025-09,0.99,0.87,311.75,0.58,1.75,0.0,720.0,1.17,3.5,2,2,1.0,0.98,0.99,643.5,634.0,311.75,0.5,1.0,1.75,1.0,1.0,2,1.0,1.0,2,100.0,50.0,99.75694444444444,84.97569444444444,99.99
RTG-0002,2025-10,0.99,0.87,644.0,0.19,0.58,0.0,744.0,0.19,0.58,1,1,0.98,0.99,0.99,634.0,311.75,644.0,1.0,1.75,0.58,1.0,2.0,1,1.0,2.0,1,100.0,100.0,99.92204301075269,99.99220430107528,100.0
RTG-0002,2025-11,1.0,0.86,0.0,0.0,0.0,0.0,720.0,0.0,0.0,0,0,0.99,0.99,1.0,311.75,644.0,0.0,1.75,0.58,0.0,2.0,1.0,0,2.0,1.0,0,100.0,100.0,100.0,100.0,100.0
RTG-0002,2025-12,1.0,0.62,0.0,0.0,0.0,0.0,744.0,0.0,0.0,0,0,0.99,1.0,1.0,644.0,0.0,0.0,0.58,0.0,0.0,1.0,0.0,0,1.0,0.0,0,100.0,100.0,100.0,100.0,100.0
RTG-0002,2026-01,1.0,0.56,0.0,0.0,0.0,0.0,744.0,0.0,0.0,0,0,1.0,1.0,1.0,0.0,0.0,0.0,0.0,0.0,0.0,0.0,0.0,0,0.0,0.0,0,100.0,100.0,100.0,100.0,84.94
RTG-0002,2026-02,0.99,0.6,201.0,1.0,4.12,0.0,672.0,2.0,8.23,2,0,1.0,1.0,0.99,0.0,0.0,201.0,0.0,0.0,4.12,0.0,0.0,2,0.0,0.0,0,100.0,50.0,99.38690476190476,84.93869047619047,99.96
RTG-0002,2026-03,0.99,0.54,405.0,1.0,3.0,0.0,744.0,1.0,3.0,1,0,1.0,0.99,0.99,0.0,201.0,405.0,0.0,4.12,3.0,0.0,2.0,1,0.0,0.0,0,100.0,100.0,99.59677419354838,99.95967741935485,79.99
RTG-0003,2024-03,1.0,0.13,0.0,0.0,0.0,0.0,744.0,0.0,0.0,0,0,0.98,1.0,1.0,17.5,0.0,0.0,13.0,0.0,0.0,1.0,0.0,0,1.0,0.0,0,100.0,100.0,100.0,100.0,100.0
RTG-0003,2024-04,1.0,0.06,0.0,0.0,0.0,0.0,720.0,0.0,0.0,0,0,1.0,1.0,1.0,0.0,0.0,0.0,0.0,0.0,0.0,0.0,0.0,0,0.0,0.0,0,100.0,100.0,100.0,100.0,99.9
RTG-0003,2024-05,0.99,0.07,52.0,0.5,7.5,0.0,744.0,0.5,7.5,1,1,1.0,1.0,0.99,0.0,0.0,52.0,0.0,0.0,7.5,0.0,0.0,1,0.0,0.0,1,100.0,100.0,98.99193548387096,99.8991935483871,100.0
RTG-0003,2024-06,1.0,0.09,0.0,0.0,0.0,0.0,720.0,0.0,0.0,0,0,1.0,0.99,1.0,0.0,52.0,0.0,0.0,7.5,0.0,0.0,1.0,0,0.0,1.0,0,100.0,100.0,100.0,100.0,98.57
RTG-0003,2024-07,0.83,0.08,56.5,0.33,1.0,0.0,744.0,0.33,1.0,1,1,0.99,1.0,0.83,52.0,0.0,56.5,7.5,0.0,1.0,1.0,0.0,1,1.0,0.0,1,97.6470588235294,100.0,99.86559139784946,98.57479443390258,99.97
RTG-0003,2024-08,1.0,0.3,220.0,0.5,2.0,0.0,744.0,0.5,2.0,1,1,1.0,0.83,1.0,0.0,56.5,220.0,0.0,1.0,2.0,0.0,1.0,1,0.0,1.0,1,100.0,100.0,99.73118279569893,99.97311827956989,100.0
RTG-0003,2024-09,1.0,0.11,0.0,0.0,0.0,0.0,720.0,0.0,0.0,0,0,0.83,1.0,1.0,56.5,220.0,0.0,1.0,2.0,0.0,1.0,1.0,0,1.0,1.0,0,100.0,100.0,100.0,100.0,100.0
RTG-0003,2024-10,1.0,0.12,0.0,0.0,0.0,0.0,744.0,0.0,0.0,0,0,1.0,1.0,1.0,220.0,0.0,0.0,2.0,0.0,0.0,1.0,0.0,0,1.0,0.0,0,100.0,100.0,100.0,100.0,100.0
RTG-0003,2024-11,1.0,0.09,0.0,0.0,0.0,0.0,720.0,0.0,0.0,0,0,1.0,1.0,1.0,0.0,0.0,0.0,0.0,0.0,0.0,0.0,0.0,0,0.0,0.0,0,100.0,100.0,100.0,100.0,99.38
RTG-0003,2024-12,0.94,0.05,40.5,1.0,46.0,0.0,744.0,1.0,46.0,1,1,1.0,1.0,0.94,0.0,0.0,40.5,0.0,0.0,46.0,0.0,0.0,1,0.0,0.0,1,100.0,100.0,93.81720430107528,99.38172043010752,77.49
RTG-0003,2025-01,0.99,0.84,155.62,0.33,0.98,0.0,744.0,1.31,3.92,4,4,1.0,0.94,0.99,0.0,40.5,155.62,0.0,46.0,0.98,0.0,1.0,4,0.0,1.0,4,100.0,25.0,99.86827956989247,77.48682795698925,99.99
RTG-0003,2025-02,0.99,0.9,607.5,0.17,0.5,0.0,672.0,0.17,0.5,1,1,0.94,0.99,0.99,40.5,155.62,607.5,46.0,0.98,0.5,1.0,4.0,1,1.0,4.0,1,100.0,100.0,99.92559523809523,99.99255952380952,79.97
RTG-0003,2025-03,0.99,0.77,192.0,0.67,2.0,0.0,744.0,2.0,6.0,3,3,0.99,0.99,0.99,155.62,607.5,192.0,0.98,0.5,2.0,4.0,1.0,3,4.0,1.0,3,100.0,33.333333333333336,99.73118279569893,79.97311827956989,84.98
RTG-0003,2025-04,1.0,0.84,303.5,0.58,1.25,0.0,720.0,1.17,2.5,2,2,0.99,0.99,1.0,607.5,192.0,303.5,0.5,2.0,1.25,1.0,3.0,2,1.0,3.0,2,100.0,50.0,99.82638888888889,84.98263888888889,84.97
RTG-0003,2025-05,0.99,0.85,317.5,0.57,2.24,0.0,744.0,1.15,4.48,2,2,0.99,1.0,0.99,192.0,303.5,317.5,2.0,1.25,2.24,3.0,2.0,2,3.0,2.0,2,100.0,50.0,99.69892473118279,84.96989247311828,99.3
RTG-0003,2025-06,0.92,0.75,539.5,3.5,50.5,0.0,720.0,3.5,50.5,1,1,1.0,0.99,0.92,303.5,317.5,539.5,1.25,2.24,50.5,2.0,2.0,1,2.0,2.0,1,100.0,100.0,92.98611111111111,99.29861111111111,99.96
RTG-0003,2025-07,0.99,0.86,639.5,1.06,3.17,0.0,744.0,1.06,3.17,1,1,0.99,0.92,0.99,317.5,539.5,639.5,2.24,50.5,3.17,2.0,1.0,1,2.0,1.0,1,100.0,100.0,99.5739247311828,99.95739247311828,100.0
RTG-0003,2025-08,1.0,0.87,0.0,0.0,0.0,0.0,744.0,0.0,0.0,0,0,0.92,0.99,1.0,539.5,639.5,0.0,50.5,3.17,0.0,1.0,1.0,0,1.0,1.0,0,100.0,100.0,100.0,100.0,79.95
RTG-0003,2025-09,0.98,0.85,205.17,1.22,3.67,0.0,720.0,3.67,11.0,3,3,0.99,1.0,0.98,639.5,0.0,205.17,3.17,0.0,3.67,1.0,0.0,3,1.0,0.0,3,100.0,33.333333333333336,99.49027777777778,79.94902777777779,99.97
RTG-0003,2025-10,0.99,0.87,645.5,0.72,2.17,0.0,744.0,0.72,2.17,1,1,1.0,0.98,0.99,0.0,205.17,645.5,0.0,3.67,2.17,0.0,3.0,1,0.0,3.0,1,100.0,100.0,99.70833333333333,99.97083333333333,100.0
RTG-0003,2025-11,0.98,0.85,0.0,0.0,0.0,0.0,720.0,0.0,0.0,0,0,0.98,0.99,0.98,205.17,645.5,0.0,3.67,2.17,0.0,3.0,1.0,0,3.0,1.0,0,100.0,100.0,100.0,100.0,99.82
RTG-0003,2025-12,0.98,0.64,475.0,1.0,13.04,0.0,744.0,1.0,13.04,1,0,0.99,0.98,0.98,645.5,0.0,475.0,2.17,0.0,13.04,1.0,0.0,1,1.0,0.0,0,100.0,100.0,98.24731182795699,99.8247311827957,84.77
RTG-0003,2026-01,0.95,0.63,233.5,0.0,17.02,0.0,744.0,0.0,34.04,2,0,0.98,0.98,0.95,0.0,475.0,233.5,0.0,13.04,17.02,0.0,1.0,2,0.0,0.0,0,100.0,50.0,97.71236559139786,84.7712365591398,79.97
RTG-0003,2026-02,0.99,0.68,151.67,0.67,2.27,0.0,672.0,2.0,6.82,3,0,0.98,0.95,0.99,475.0,233.5,151.67,13.04,17.02,2.27,1.0,2.0,3,0.0,0.0,0,100.0,33.333333333333336,99.66220238095238,79.96622023809525,99.96
RTG-0003,2026-03,0.99,0.57,423.0,1.0,2.83,0.0,744.0,1.0,2.83,1,0,0.95,0.99,0.99,233.5,151.67,423.0,17.02,2.27,2.83,2.0,3.0,1,0.0,0.0,0,100.0,100.0,99.61962365591398,99.9619623655914,79.99
RTG-0004,2024-03,0.99,0.03,19.0,1.0,3.33,0.0,744.0,1.0,3.33,1,1,1.0,0.99,0.99,0.0,47.5,19.0,0.0,4.5,3.33,0.0,1.0,1,0.0,1.0,1,100.0,100.0,99.5524193548387,99.95524193548387,100.0
RTG-0004,2024-04,1.0,0.08,0.0,0.0,0.0,0.0,720.0,0.0,0.0,0,0,0.99,0.99,1.0,47.5,19.0,0.0,4.5,3.33,0.0,1.0,1.0,0,1.0,1.0,0,100.0,100.0,100.0,100.0,100.0
RTG-0004,2024-05,1.0,0.07,0.0,0.0,0.0,0.0,744.0,0.0,0.0,0,0,0.99,1.0,1.0,19.0,0.0,0.0,3.33,0.0,0.0,1.0,0.0,0,1.0,0.0,0,100.0,100.0,100.0,100.0,100.0
RTG-0004,2024-06,1.0,0.11,0.0,0.0,0.0,0.0,720.0,0.0,0.0,0,0,1.0,1.0,1.0,0.0,0.0,0.0,0.0,0.0,0.0,0.0,0.0,0,0.0,0.0,0,100.0,100.0,100.0,100.0,100.0
RTG-0004,2024-07,1.0,0.11,0.0,0.0,0.0,0.0,744.0,0.0,0.0,0,0,1.0,1.0,1.0,0.0,0.0,0.0,0.0,0.0,0.0,0.0,0.0,0,0.0,0.0,0,100.0,100.0,100.0,100.0,100.0
RTG-0004,2024-08,1.0,0.11,0.0,0.0,0.0,0.0,744.0,0.0,0.0,0,0,1.0,1.0,1.0,0.0,0.0,0.0,0.0,0.0,0.0,0.0,0.0,0,0.0,0.0,0,100.0,100.0,100.0,100.0,100.0
RTG-0004,2024-09,1.0,0.06,0.0,0.0,0.0,0.0,720.0,0.0,0.0,0,0,1.0,1.0,1.0,0.0,0.0,0.0,0.0,0.0,0.0,0.0,0.0,0,0.0,0.0,0,100.0,100.0,100.0,100.0,100.0
RTG-0004,2024-10,1.0,0.06,0.0,0.0,0.0,0.0,744.0,0.0,0.0,0,0,1.0,1.0,1.0,0.0,0.0,0.0,0.0,0.0,0.0,0.0,0.0,0,0.0,0.0,0,100.0,100.0,100.0,100.0,100.0
RTG-0004,2024-11,1.0,0.06,0.0,0.0,0.0,0.0,720.0,0.0,0.0,0,0,1.0,1.0,1.0,0.0,0.0,0.0,0.0,0.0,0.0,0.0,0.0,0,0.0,0.0,0,100.0,100.0,100.0,100.0,99.99
RTG-0004,2024-12,0.99,0.37,272.5,0.58,0.58,0.0,744.0,0.58,0.58,1,1,1.0,1.0,0.99,0.0,0.0,272.5,0.0,0.0,0.58,0.0,0.0,1,0.0,0.0,1,100.0,100.0,99.92204301075269,99.99220430107528,99.01
RTG-0004,2025-01,0.9,0.81,599.5,7.33,74.0,0.0,744.0,7.33,74.0,1,1,1.0,0.99,0.9,0.0,272.5,599.5,0.0,0.58,74.0,0.0,1.0,1,0.0,1.0,1,100.0,100.0,90.05376344086021,99.00537634408602,100.0
RTG-0004,2025-02,0.99,0.9,0.0,0.0,0.0,0.0,672.0,0.0,0.0,0,0,0.99,0.9,0.99,272.5,599.5,0.0,0.58,74.0,0.0,1.0,1.0,0,1.0,1.0,0,100.0,100.0,100.0,100.0,83.95
RTG-0004,2025-03,0.67,0.55,408.0,6.0,249.0,0.0,744.0,6.0,249.0,1,1,0.9,0.99,0.67,599.5,0.0,408.0,74.0,0.0,249.0,1.0,0.0,1,1.0,0.0,1,78.82352941176471,100.0,66.53225806451613,83.94734345351044,30.0
RTG-0004,2025-04,0.0,0.0,0.0,0.0,720.0,0.0,720.0,0.0,720.0,1,1,0.99,0.67,0.0,0.0,408.0,0.0,0.0,249.0,720.0,0.0,1.0,1,0.0,1.0,1,0.0,100.0,0.0,30.0,42.91
RTG-0004,2025-05,0.16,0.02,17.0,1.0,623.5,0.0,744.0,1.0,623.5,1,1,0.67,0.0,0.16,408.0,0.0,17.0,249.0,720.0,623.5,1.0,1.0,1,1.0,1.0,1,18.823529411764707,100.0,16.196236559139788,42.9137413029728,99.85
RTG-0004,2025-06,0.98,0.29,206.0,1.17,11.0,0.0,720.0,1.17,11.0,1,1,0.0,0.16,0.98,0.0,17.0,206.0,720.0,623.5,11.0,1.0,1.0,1,1.0,1.0,1,100.0,100.0,98.47222222222223,99.84722222222223,100.0
RTG-0004,2025-07,1.0,0.59,0.0,0.0,0.0,0.0,744.0,0.0,0.0,0,0,0.16,0.98,1.0,17.0,206.0,0.0,623.5,11.0,0.0,1.0,1.0,0,1.0,1.0,0,100.0,100.0,100.0,100.0,99.91
RTG-0004,2025-08,0.99,0.69,511.0,2.31,6.93,0.0,744.0,2.31,6.93,1,1,0.98,1.0,0.99,206.0,0.0,511.0,11.0,0.0,6.93,1.0,0.0,1,1.0,0.0,1,100.0,100.0,99.06854838709678,99.90685483870968,100.0
RTG-0004,2025-09,0.99,0.68,0.0,0.0,0.0,0.0,720.0,0.0,0.0,0,0,1.0,0.99,0.99,0.0,511.0,0.0,0.0,6.93,0.0,0.0,1.0,0,0.0,1.0,0,100.0,100.0,100.0,100.0,100.0
RTG-0004,2025-10,0.99,0.76,0.0,0.0,0.0,0.0,744.0,0.0,0.0,0,0,0.99,0.99,0.99,511.0,0.0,0.0,6.93,0.0,0.0,1.0,0.0,0,1.0,0.0,0,100.0,100.0,100.0,100.0,79.86
RTG-0004,2025-11,0.96,0.65,157.17,3.48,10.44,0.0,720.0,10.44,31.33,3,3,0.99,0.99,0.96,0.0,0.0,157.17,0.0,0.0,10.44,0.0,0.0,3,0.0,0.0,3,100.0,33.333333333333336,98.55000000000001,79.855,100.0
RTG-0004,2025-12,1.0,0.4,295.0,1.0,0.25,0.0,744.0,1.0,0.25,1,0,0.99,0.96,1.0,0.0,157.17,295.0,0.0,10.44,0.25,0.0,3.0,1,0.0,3.0,0,100.0,100.0,99.96639784946237,99.99663978494624,100.0
RTG-0004,2026-01,0.99,0.41,0.0,0.0,0.0,0.0,744.0,0.0,0.0,0,0,0.96,1.0,0.99,157.17,295.0,0.0,10.44,0.25,0.0,3.0,1.0,0,3.0,0.0,0,100.0,100.0,100.0,100.0,77.46
RTG-0004,2026-02,0.98,0.35,59.5,0.5,2.54,0.0,672.0,2.0,10.14,4,0,1.0,0.99,0.98,295.0,0.0,59.5,0.25,0.0,2.54,1.0,0.0,4,0.0,0.0,0,100.0,25.0,99.62202380952381,77.46220238095238,100.0
RTG-0004,2026-03,1.0,0.31,0.0,0.0,0.0,0.0,744.0,0.0,0.0,0,0,0.99,0.98,1.0,0.0,59.5,0.0,0.0,2.54,0.0,0.0,4.0,0,0.0,0.0,0,100.0,100.0,100.0,100.0,100.0
RTG-0005,2024-03,0.99,0.82,609.0,0.17,0.5,0.0,744.0,0.17,0.5,1,1,1.0,1.0,0.99,0.0,0.0,609.0,0.0,0.0,0.5,0.0,0.0,1,0.0,0.0,1,100.0,100.0,99.93279569892472,99.99327956989248,100.0
RTG-0005,2024-04,1.0,0.7,0.0,0.0,0.0,0.0,720.0,0.0,0.0,0,0,1.0,0.99,1.0,0.0,609.0,0.0,0.0,0.5,0.0,0.0,1.0,0,0.0,1.0,0,100.0,100.0,100.0,100.0,100.0
RTG-0005,2024-05,1.0,0.83,0.0,0.0,0.0,0.0,744.0,0.0,0.0,0,0,0.99,1.0,1.0,609.0,0.0,0.0,0.5,0.0,0.0,1.0,0.0,0,1.0,0.0,0,100.0,100.0,100.0,100.0,100.0
RTG-0005,2024-06,1.0,0.79,0.0,0.0,0.0,0.0,720.0,0.0,0.0,0,0,1.0,1.0,1.0,0.0,0.0,0.0,0.0,0.0,0.0,0.0,0.0,0,0.0,0.0,0,100.0,100.0,100.0,100.0,100.0
RTG-0005,2024-07,1.0,0.83,0.0,0.0,0.0,0.0,744.0,0.0,0.0,0,0,1.0,1.0,1.0,0.0,0.0,0.0,0.0,0.0,0.0,0.0,0.0,0,0.0,0.0,0,100.0,100.0,100.0,100.0,84.96
RTG-0005,2024-08,0.99,0.85,315.0,0.6,3.29,0.0,744.0,1.19,6.58,2,2,1.0,1.0,0.99,0.0,0.0,315.0,0.0,0.0,3.29,0.0,0.0,2,0.0,0.0,2,100.0,50.0,99.55779569892474,84.95577956989247,100.0
RTG-0005,2024-09,1.0,0.84,0.0,0.0,0.0,0.0,720.0,0.0,0.0,0,0,1.0,0.99,1.0,0.0,315.0,0.0,0.0,3.29,0.0,0.0,2.0,0,0.0,2.0,0,100.0,100.0,100.0,100.0,100.0
RTG-0005,2024-10,0.99,0.88,0.0,0.0,0.0,0.0,744.0,0.0,0.0,0,0,0.99,1.0,0.99,315.0,0.0,0.0,3.29,0.0,0.0,2.0,0.0,0,2.0,0.0,0,100.0,100.0,100.0,100.0,100.0
RTG-0005,2024-11,0.99,0.79,0.0,0.0,0.0,0.0,720.0,0.0,0.0,0,0,1.0,0.99,0.99,0.0,0.0,0.0,0.0,0.0,0.0,0.0,0.0,0,0.0,0.0,0,100.0,100.0,100.0,100.0,100.0
RTG-0005,2024-12,0.99,0.57,0.0,0.0,0.0,0.0,744.0,0.0,0.0,0,0,0.99,0.99,0.99,0.0,0.0,0.0,0.0,0.0,0.0,0.0,0.0,0,0.0,0.0,0,100.0,100.0,100.0,100.0,100.0
RTG-0005,2025-01,0.99,0.89,0.0,0.0,0.0,0.0,744.0,0.0,0.0,0,0,0.99,0.99,0.99,0.0,0.0,0.0,0.0,0.0,0.0,0.0,0.0,0,0.0,0.0,0,100.0,100.0,100.0,100.0,100.0
RTG-0005,2025-02,0.99,0.9,0.0,0.0,0.0,0.0,672.0,0.0,0.0,0,0,0.99,0.99,0.99,0.0,0.0,0.0,0.0,0.0,0.0,0.0,0.0,0,0.0,0.0,0,100.0,100.0,100.0,100.0,100.0
RTG-0005,2025-03,0.99,0.78,0.0,0.0,0.0,0.0,744.0,0.0,0.0,0,0,0.99,0.99,0.99,0.0,0.0,0.0,0.0,0.0,0.0,0.0,0.0,0,0.0,0.0,0,100.0,100.0,100.0,100.0,84.96
RTG-0005,2025-04,0.99,0.84,303.0,0.83,3.0,0.0,720.0,1.67,6.0,2,2,0.99,0.99,0.99,0.0,0.0,303.0,0.0,0.0,3.0,0.0,0.0,2,0.0,0.0,2,100.0,50.0,99.58333333333333,84.95833333333333,100.0
RTG-0005,2025-05,1.0,0.86,0.0,0.0,0.0,0.0,744.0,0.0,0.0,0,0,0.99,0.99,1.0,0.0,303.0,0.0,0.0,3.0,0.0,0.0,2.0,0,0.0,2.0,0,100.0,100.0,100.0,100.0,100.0
RTG-0005,2025-06,1.0,0.84,0.0,0.0,0.0,0.0,720.0,0.0,0.0,0,0,0.99,1.0,1.0,303.0,0.0,0.0,3.0,0.0,0.0,2.0,0.0,0,2.0,0.0,0,100.0,100.0,100.0,100.0,100.0
RTG-0005,2025-07,0.99,0.86,0.0,0.0,0.0,0.0,744.0,0.0,0.0,0,0,1.0,1.0,0.99,0.0,0.0,0.0,0.0,0.0,0.0,0.0,0.0,0,0.0,0.0,0,100.0,100.0,100.0,100.0,84.9
RTG-0005,2025-08,0.96,0.84,314.25,2.6,7.79,0.0,744.0,5.19,15.58,2,2,1.0,0.99,0.96,0.0,0.0,314.25,0.0,0.0,7.79,0.0,0.0,2,0.0,0.0,2,100.0,50.0,98.95295698924731,84.89529569892473,100.0
RTG-0005,2025-09,0.98,0.86,0.0,0.0,0.0,5.0,720.0,0.0,0.0,0,0,0.99,0.96,0.98,0.0,314.25,0.0,0.0,7.79,0.0,0.0,2.0,0,0.0,2.0,0,100.0,100.0,100.0,100.0,77.46
RTG-0005,2025-10,0.98,0.85,159.0,1.01,3.02,0.0,744.0,4.03,12.08,4,4,0.96,0.98,0.98,314.25,0.0,159.0,7.79,0.0,3.02,2.0,0.0,4,2.0,0.0,4,100.0,25.0,99.59408602150538,77.45940860215055,100.0
RTG-0005,2025-11,1.0,0.87,0.0,0.0,0.0,0.0,720.0,0.0,0.0,0,0,0.98,0.98,1.0,0.0,159.0,0.0,0.0,3.02,0.0,0.0,4.0,0,0.0,4.0,0,100.0,100.0,100.0,100.0,99.97
RTG-0005,2025-12,0.99,0.6,450.0,1.0,2.5,0.0,744.0,1.0,2.5,1,0,0.98,1.0,0.99,159.0,0.0,450.0,3.02,0.0,2.5,4.0,0.0,1,4.0,0.0,0,100.0,100.0,99.66397849462365,99.96639784946237,79.95
RTG-0005,2026-01,0.99,0.52,130.0,0.0,3.5,0.0,744.0,0.0,10.5,3,0,1.0,0.99,0.99,0.0,450.0,130.0,0.0,2.5,3.5,0.0,1.0,3,0.0,0.0,0,100.0,33.333333333333336,99.52956989247312,79.95295698924731,99.96
RTG-0005,2026-02,0.99,0.6,400.0,1.0,2.83,0.0,672.0,1.0,2.83,1,0,0.99,0.99,0.99,450.0,130.0,400.0,2.5,3.5,2.83,1.0,3.0,1,0.0,0.0,0,100.0,100.0,99.57886904761905,99.9578869047619,77.48
RTG-0005,2026-03,0.99,0.59,110.0,1.0,1.13,0.0,744.0,4.0,4.51,4,0,0.99,0.99,0.99,130.0,400.0,110.0,3.5,2.83,1.13,3.0,1.0,4,0.0,0.0,0,100.0,25.0,99.8481182795699,77.48481182795699,75.95
RTG-0006,2024-03,1.0,0.82,0.0,0.0,0.0,0.0,744.0,0.0,0.0,0,0,0.98,1.0,1.0,500.0,547.5,0.0,0.35,0.5,0.0,1.0,1.0,0,1.0,1.0,0,100.0,100.0,100.0,100.0,84.96
RTG-0006,2024-04,0.99,0.71,254.75,0.33,3.0,0.0,720.0,0.67,6.0,2,2,1.0,1.0,0.99,547.5,0.0,254.75,0.5,0.0,3.0,1.0,0.0,2,1.0,0.0,2,100.0,50.0,99.58333333333333,84.95833333333333,99.99
RTG-0006,2024-05,1.0,0.83,619.0,0.22,0.83,0.0,744.0,0.22,0.83,1,1,1.0,0.99,1.0,0.0,254.75,619.0,0.0,3.0,0.83,0.0,2.0,1,0.0,2.0,1,100.0,100.0,99.88844086021506,99.9888440860215,99.99
RTG-0006,2024-06,0.99,0.79,565.5,0.17,0.5,0.0,720.0,0.17,0.5,1,0,0.99,1.0,0.99,254.75,619.0,565.5,3.0,0.83,0.5,2.0,1.0,1,2.0,1.0,0,100.0,100.0,99.93055555555556,99.99305555555556,79.94
RTG-0006,2024-07,0.98,0.82,202.33,0.6,4.71,0.0,744.0,1.8,14.13,3,3,1.0,0.99,0.98,619.0,565.5,202.33,0.83,0.5,4.71,1.0,1.0,3,1.0,0.0,3,100.0,33.333333333333336,99.36693548387096,79.9366935483871,99.58
RTG-0006,2024-08,0.95,0.82,612.5,1.0,31.0,0.0,744.0,1.0,31.0,1,1,0.99,0.98,0.95,565.5,202.33,612.5,0.5,4.71,31.0,1.0,3.0,1,0.0,3.0,1,100.0,100.0,95.83333333333334,99.58333333333333,100.0
RTG-0006,2024-09,0.99,0.86,0.0,0.0,0.0,0.0,720.0,0.0,0.0,0,0,0.98,0.95,0.99,202.33,612.5,0.0,4.71,31.0,0.0,3.0,1.0,0,3.0,1.0,0,100.0,100.0,100.0,100.0,79.98
RTG-0006,2024-10,0.99,0.85,210.37,0.44,1.42,0.0,744.0,1.33,4.25,3,3,0.95,0.99,0.99,612.5,0.0,210.37,31.0,0.0,1.42,1.0,0.0,3,1.0,0.0,3,100.0,33.333333333333336,99.80913978494624,79.98091397849463,100.0
RTG-0006,2024-11,1.0,0.01,0.0,0.0,0.0,0.0,720.0,0.0,0.0,0,0,0.99,0.99,1.0,0.0,210.37,0.0,0.0,1.42,0.0,0.0,3.0,0,0.0,3.0,0,100.0,100.0,100.0,100.0,100.0
RTG-0006,2024-12,1.0,0.4,0.0,0.0,0.0,0.0,744.0,0.0,0.0,0,0,0.99,1.0,1.0,210.37,0.0,0.0,1.42,0.0,0.0,3.0,0.0,0,3.0,0.0,0,100.0,100.0,100.0,100.0,100.0
RTG-0006,2025-01,1.0,0.72,0.0,0.0,0.0,0.0,744.0,0.0,0.0,0,0,1.0,1.0,1.0,0.0,0.0,0.0,0.0,0.0,0.0,0.0,0.0,0,0.0,0.0,0,100.0,100.0,100.0,100.0,84.97
RTG-0006,2025-02,0.99,0.8,268.5,1.33,2.0,0.0,672.0,2.67,4.0,2,2,1.0,1.0,0.99,0.0,0.0,268.5,0.0,0.0,2.0,0.0,0.0,2,0.0,0.0,2,100.0,50.0,99.70238095238095,84.9702380952381,100.0
RTG-0006,2025-03,1.0,0.78,0.0,0.0,0.0,0.0,744.0,0.0,0.0,0,0,1.0,0.99,1.0,0.0,268.5,0.0,0.0,2.0,0.0,0.0,2.0,0,0.0,2.0,0,100.0,100.0,100.0,100.0,99.99
RTG-0006,2025-04,0.98,0.81,580.0,0.17,0.5,0.0,720.0,0.17,0.5,1,1,0.99,1.0,0.98,268.5,0.0,580.0,2.0,0.0,0.5,2.0,0.0,1,2.0,0.0,1,100.0,100.0,99.93055555555556,99.99305555555556,100.0
RTG-0006,2025-05,1.0,0.86,0.0,0.0,0.0,0.0,744.0,0.0,0.0,0,0,1.0,0.98,1.0,0.0,580.0,0.0,0.0,0.5,0.0,0.0,1.0,0,0.0,1.0,0,100.0,100.0,100.0,100.0,100.0
RTG-0006,2025-06,0.99,0.83,0.0,0.0,0.0,0.0,720.0,0.0,0.0,0,0,0.98,1.0,0.99,580.0,0.0,0.0,0.5,0.0,0.0,1.0,0.0,0,1.0,0.0,0,100.0,100.0,100.0,100.0,99.91
RTG-0006,2025-07,0.99,0.81,599.0,2.33,7.0,0.0,744.0,2.33,7.0,1,1,1.0,0.99,0.99,0.0,0.0,599.0,0.0,0.0,7.0,0.0,0.0,1,0.0,0.0,1,100.0,100.0,99.05913978494624,99.90591397849462,100.0
RTG-0006,2025-08,1.0,0.87,0.0,0.0,0.0,0.0,744.0,0.0,0.0,0,0,0.99,0.99,1.0,0.0,599.0,0.0,0.0,7.0,0.0,0.0,1.0,0,0.0,1.0,0,100.0,100.0,100.0,100.0,100.0
RTG-0006,2025-09,1.0,0.86,0.0,0.0,0.0,0.0,720.0,0.0,0.0,0,0,0.99,1.0,1.0,599.0,0.0,0.0,7.0,0.0,0.0,1.0,0.0,0,1.0,0.0,0,100.0,100.0,100.0,100.0,100.0
RTG-0006,2025-10,1.0,0.82,0.0,0.0,0.0,0.0,744.0,0.0,0.0,0,0,1.0,1.0,1.0,0.0,0.0,0.0,0.0,0.0,0.0,0.0,0.0,0,0.0,0.0,0,100.0,100.0,100.0,100.0,99.85
RTG-0006,2025-11,0.98,0.83,596.5,0.31,10.92,0.0,720.0,0.31,10.92,1,1,1.0,1.0,0.98,0.0,0.0,596.5,0.0,0.0,10.92,0.0,0.0,1,0.0,0.0,1,100.0,100.0,98.48333333333333,99.84833333333333,100.0
RTG-0006,2025-12,1.0,0.4,0.0,0.0,0.0,0.0,744.0,0.0,0.0,0,0,1.0,0.98,1.0,0.0,596.5,0.0,0.0,10.92,0.0,0.0,1.0,0,0.0,1.0,0,100.0,100.0,100.0,100.0,99.99
RTG-0006,2026-01,0.99,0.35,257.0,0.0,0.58,0.0,744.0,0.0,0.58,1,0,0.98,1.0,0.99,596.5,0.0,257.0,10.92,0.0,0.58,1.0,0.0,1,1.0,0.0,0,100.0,100.0,99.92204301075269,99.99220430107528,99.99
RTG-0006,2026-02,1.0,0.37,247.0,0.2,0.67,0.0,672.0,0.2,0.67,1,0,1.0,0.99,1.0,0.0,257.0,247.0,0.0,0.58,0.67,0.0,1.0,1,0.0,0.0,0,100.0,100.0,99.90029761904762,99.99002976190476,79.99
RTG-0006,2026-03,0.99,0.32,79.33,1.0,0.98,0.0,744.0,3.0,2.95,3,0,0.99,1.0,0.99,257.0,247.0,79.33,0.58,0.67,0.98,1.0,1.0,3,0.0,0.0,0,100.0,33.333333333333336,99.86827956989247,79.98682795698925,99.96
RTG-0007,2024-03,0.99,0.82,304.0,0.75,4.67,0.0,744.0,1.5,9.33,2,2,0.99,0.99,0.99,561.5,181.83,304.0,0.5,0.33,4.67,1.0,3.0,2,1.0,3.0,2,100.0,50.0,99.37231182795699,84.9372311827957,100.0
RTG-0007,2024-04,0.99,0.72,0.0,0.0,0.0,0.0,720.0,0.0,0.0,0,0,0.99,0.99,0.99,181.83,304.0,0.0,0.33,4.67,0.0,3.0,2.0,0,3.0,2.0,0,100.0,100.0,100.0,100.0,84.85
RTG-0007,2024-05,0.96,0.8,296.25,0.75,11.23,0.0,744.0,1.5,22.47,2,2,0.99,0.99,0.96,304.0,0.0,296.25,4.67,0.0,11.23,2.0,0.0,2,2.0,0.0,2,100.0,50.0,98.49059139784946,84.84905913978494,99.3
RTG-0007,2024-06,0.93,0.65,466.5,1.0,50.5,0.0,720.0,1.0,50.5,1,0,0.99,0.96,0.93,0.0,296.25,466.5,0.0,11.23,50.5,0.0,2.0,1,0.0,2.0,0,100.0,100.0,92.98611111111111,99.29861111111111,75.99
RTG-0007,2024-07,0.99,0.83,123.0,0.46,0.98,0.0,744.0,2.3,4.92,5,5,0.96,0.93,0.99,296.25,466.5,123.0,11.23,50.5,0.98,2.0,1.0,5,2.0,0.0,5,100.0,20.0,99.86827956989247,75.98682795698925,98.97
RTG-0007,2024-08,0.9,0.66,494.5,1.0,76.32,0.0,744.0,1.0,76.32,1,1,0.93,0.99,0.9,466.5,123.0,494.5,50.5,0.98,76.32,1.0,5.0,1,0.0,5.0,1,100.0,100.0,89.74193548387098,98.97419354838709,99.99
RTG-0007,2024-09,0.96,0.3,215.0,0.2,0.92,0.0,720.0,0.2,0.92,1,1,0.99,0.9,0.96,123.0,494.5,215.0,0.98,76.32,0.92,5.0,1.0,1,5.0,1.0,1,100.0,100.0,99.87222222222222,99.98722222222221,99.99
RTG-0007,2024-10,0.87,0.52,386.5,0.2,0.67,0.0,744.0,0.2,0.67,1,1,0.9,0.96,0.87,494.5,215.0,386.5,76.32,0.92,0.67,1.0,1.0,1,1.0,1.0,1,100.0,100.0,99.90994623655915,99.99099462365592,100.0
RTG-0007,2024-11,1.0,0.88,0.0,0.0,0.0,0.0,720.0,0.0,0.0,0,0,0.96,0.87,1.0,215.0,386.5,0.0,0.92,0.67,0.0,1.0,1.0,0,1.0,1.0,0,100.0,100.0,100.0,100.0,77.46
RTG-0007,2024-12,0.97,0.84,156.25,0.85,3.04,0.0,744.0,3.39,12.17,4,4,0.87,1.0,0.97,386.5,0.0,156.25,0.67,0.0,3.04,1.0,0.0,4,1.0,0.0,4,100.0,25.0,99.59139784946237,77.45913978494625,74.21
RTG-0007,2025-01,0.95,0.85,89.86,0.48,5.31,0.0,744.0,3.39,37.17,7,7,1.0,0.97,0.95,0.0,156.25,89.86,0.0,3.04,5.31,0.0,4.0,7,0.0,4.0,7,100.0,14.285714285714286,99.28629032258065,74.21434331797235,99.96
RTG-0007,2025-02,0.98,0.9,603.5,0.93,2.62,0.0,672.0,0.93,2.62,1,1,0.97,0.95,0.98,156.25,89.86,603.5,3.04,5.31,2.62,4.0,7.0,1,4.0,7.0,1,100.0,100.0,99.61011904761905,99.9610119047619,79.68
RTG-0007,2025-03,0.9,0.74,183.33,3.39,23.87,0.0,744.0,10.17,71.6,3,3,0.95,0.98,0.9,89.86,603.5,183.33,5.31,2.62,23.87,7.0,1.0,3,7.0,1.0,3,100.0,33.333333333333336,96.79166666666667,79.67916666666667,78.22
RTG-0007,2025-04,0.77,0.61,221.25,0.92,81.92,0.0,720.0,1.83,163.83,2,2,0.98,0.9,0.77,603.5,183.33,221.25,2.62,23.87,81.92,1.0,3.0,2,1.0,3.0,2,90.58823529411765,50.0,88.62222222222222,78.2151633986928,99.73
RTG-0007,2025-05,0.97,0.83,620.0,6.39,20.17,0.0,744.0,6.39,20.17,1,1,0.9,0.77,0.97,183.33,221.25,620.0,23.87,81.92,20.17,3.0,2.0,1,3.0,2.0,1,100.0,100.0,97.28897849462366,99.72889784946237,100.0
RTG-0007,2025-06,0.99,0.84,0.0,0.0,0.0,0.0,720.0,0.89,0.0,0,0,0.77,0.97,0.99,221.25,620.0,0.0,81.92,20.17,0.0,2.0,1.0,0,2.0,1.0,0,100.0,100.0,100.0,100.0,79.98
RTG-0007,2025-07,0.99,0.84,207.83,0.51,1.53,0.0,744.0,1.53,4.58,3,3,0.97,0.99,0.99,620.0,0.0,207.83,20.17,0.0,1.53,1.0,0.0,3,1.0,0.0,3,100.0,33.333333333333336,99.79435483870968,79.97943548387097,75.97
RTG-0007,2025-08,0.97,0.85,125.9,0.64,1.93,0.0,744.0,3.21,9.63,5,5,0.99,0.99,0.97,0.0,207.83,125.9,0.0,1.53,1.93,0.0,3.0,5,0.0,3.0,5,100.0,20.0,99.74059139784947,75.97405913978494,99.99
RTG-0007,2025-09,0.98,0.85,615.5,0.14,0.42,10.67,720.0,0.14,0.42,1,1,0.99,0.97,0.98,207.83,125.9,615.5,1.53,1.93,0.42,3.0,5.0,1,3.0,5.0,1,100.0,100.0,99.94166666666666,99.99416666666667,84.99
RTG-0007,2025-10,0.99,0.87,323.75,0.19,0.58,0.0,744.0,0.39,1.17,2,2,0.97,0.98,0.99,125.9,615.5,323.75,1.93,0.42,0.58,5.0,1.0,2,5.0,1.0,2,100.0,50.0,99.92204301075269,84.99220430107528,100.0
RTG-0007,2025-11,0.98,0.81,0.0,0.0,0.0,0.0,720.0,0.0,0.0,0,0,0.98,0.99,0.98,615.5,323.75,0.0,0.42,0.58,0.0,1.0,2.0,0,1.0,2.0,0,100.0,100.0,100.0,100.0,100.0
RTG-0007,2025-12,1.0,0.62,0.0,0.0,0.0,0.0,744.0,0.0,0.0,0,0,0.99,0.98,1.0,323.75,0.0,0.0,0.58,0.0,0.0,2.0,0.0,0,2.0,0.0,0,100.0,100.0,100.0,100.0,84.97
RTG-0007,2026-01,0.99,0.55,204.0,0.0,1.92,0.0,744.0,0.0,3.83,2,0,0.98,1.0,0.99,0.0,0.0,204.0,0.0,0.0,1.92,0.0,0.0,2,0.0,0.0,0,100.0,50.0,99.74193548387098,84.97419354838709,100.0
RTG-0007,2026-02,0.99,0.65,0.0,0.0,0.0,0.0,672.0,0.0,0.0,0,0,1.0,0.99,0.99,0.0,204.0,0.0,0.0,1.92,0.0,0.0,2.0,0,0.0,0.0,0,100.0,100.0,100.0,100.0,99.98
RTG-0007,2026-03,1.0,0.61,457.0,1.0,1.17,0.0,744.0,1.0,1.17,1,0,0.99,0.99,1.0,204.0,0.0,457.0,1.92,0.0,1.17,2.0,0.0,1,0.0,0.0,0,100.0,100.0,99.84274193548387,99.98427419354839,84.99
RTG-0008,2024-03,0.55,0.13,99.5,1.0,333.17,0.0,744.0,1.0,333.17,1,1,1.0,1.0,0.55,0.0,2.0,99.5,0.0,0.97,333.17,0.0,1.0,1,0.0,1.0,1,64.70588235294117,100.0,55.21908602150538,74.34543801391524,79.98
RTG-0008,2024-04,0.99,0.62,149.5,0.31,1.69,0.0,720.0,0.94,5.08,3,3,1.0,0.55,0.99,2.0,99.5,149.5,0.97,333.17,1.69,1.0,1.0,3,1.0,1.0,3,100.0,33.333333333333336,99.76527777777778,79.97652777777778,99.99
RTG-0008,2024-05,0.99,0.72,535.0,0.19,0.58,0.0,744.0,0.19,0.58,1,1,0.55,0.99,0.99,99.5,149.5,535.0,333.17,1.69,0.58,1.0,3.0,1,1.0,3.0,1,100.0,100.0,99.92204301075269,99.99220430107528,99.96
RTG-0008,2024-06,0.99,0.78,559.5,0.5,3.0,0.0,720.0,0.5,3.0,1,0,0.99,0.99,0.99,149.5,535.0,559.5,1.69,0.58,3.0,3.0,1.0,1,3.0,1.0,0,100.0,100.0,99.58333333333333,99.95833333333333,99.66
RTG-0008,2024-07,0.96,0.77,576.0,1.0,25.0,0.0,744.0,1.0,25.0,1,1,0.99,0.99,0.96,535.0,559.5,576.0,0.58,3.0,25.0,1.0,1.0,1,1.0,0.0,1,100.0,100.0,96.63978494623656,99.66397849462365,100.0
RTG-0008,2024-08,1.0,0.85,633.5,0.11,0.33,0.0,744.0,0.11,0.33,1,1,0.99,0.96,1.0,559.5,576.0,633.5,3.0,25.0,0.33,1.0,1.0,1,0.0,1.0,1,100.0,100.0,99.95564516129032,99.99556451612904,74.26
RTG-0008,2024-09,0.98,0.83,85.29,0.41,1.89,0.0,720.0,2.84,13.23,7,7,0.96,1.0,0.98,576.0,633.5,85.29,25.0,0.33,1.89,1.0,1.0,7,1.0,1.0,7,100.0,14.285714285714286,99.7375,74.25946428571429,54.15
RTG-0008,2024-10,0.52,0.41,75.62,0.74,4.05,0.0,744.0,2.97,16.2,4,4,1.0,0.98,0.52,633.5,85.29,75.62,0.33,1.89,4.05,1.0,7.0,4,1.0,7.0,4,61.1764705882353,25.0,99.45564516129032,54.151446869070206,79.74
RTG-0008,2024-11,0.91,0.78,188.33,1.37,18.39,0.0,720.0,4.11,55.18,3,3,0.98,0.52,0.91,85.29,75.62,188.33,1.89,4.05,18.39,7.0,4.0,3,7.0,4.0,3,100.0,33.333333333333336,97.44583333333333,79.74458333333334,79.95
RTG-0008,2024-12,0.96,0.84,207.33,1.06,3.83,0.0,744.0,3.17,11.5,3,3,0.52,0.91,0.96,75.62,188.33,207.33,4.05,18.39,3.83,4.0,3.0,3,4.0,3.0,3,100.0,33.333333333333336,99.48521505376344,79.94852150537635,99.91
RTG-0008,2025-01,0.99,0.89,665.0,0.33,7.0,0.0,744.0,0.33,7.0,1,1,0.91,0.96,0.99,188.33,207.33,665.0,18.39,3.83,7.0,3.0,3.0,1,3.0,3.0,1,100.0,100.0,99.05913978494624,99.90591397849462,99.99
RTG-0008,2025-02,0.98,0.9,602.0,0.33,1.0,0.0,672.0,0.33,1.0,1,1,0.96,0.99,0.98,207.33,665.0,602.0,3.83,7.0,1.0,3.0,1.0,1,3.0,1.0,1,100.0,100.0,99.85119047619048,99.98511904761905,100.0
RTG-0008,2025-03,0.99,0.78,0.0,0.0,0.0,0.0,744.0,0.0,0.0,0,0,0.99,0.98,0.99,665.0,602.0,0.0,7.0,1.0,0.0,1.0,1.0,0,1.0,1.0,0,100.0,100.0,100.0,100.0,100.0
RTG-0008,2025-04,0.99,0.81,0.0,0.0,0.0,0.0,720.0,0.0,0.0,0,0,0.98,0.99,0.99,602.0,0.0,0.0,1.0,0.0,0.0,1.0,0.0,0,1.0,0.0,0,100.0,100.0,100.0,100.0,99.98
RTG-0008,2025-05,0.99,0.83,620.0,0.39,1.17,0.0,744.0,0.39,1.17,1,1,0.99,0.99,0.99,0.0,0.0,620.0,0.0,0.0,1.17,0.0,0.0,1,0.0,0.0,1,100.0,100.0,99.84274193548387,99.98427419354839,84.95
RTG-0008,2025-06,0.98,0.82,297.0,0.72,3.33,4.17,720.0,1.44,6.67,2,2,0.99,0.99,0.98,0.0,620.0,297.0,0.0,1.17,3.33,0.0,1.0,2,0.0,1.0,2,100.0,50.0,99.5375,84.95375,100.0
RTG-0008,2025-07,1.0,0.86,0.0,0.0,0.0,0.0,744.0,0.0,0.0,0,0,0.99,0.98,1.0,620.0,297.0,0.0,1.17,3.33,0.0,1.0,2.0,0,1.0,2.0,0,100.0,100.0,100.0,100.0,100.0
RTG-0008,2025-08,0.99,0.85,0.0,0.0,0.0,0.0,744.0,0.0,0.0,0,0,0.98,1.0,0.99,297.0,0.0,0.0,3.33,0.0,0.0,2.0,0.0,0,2.0,0.0,0,100.0,100.0,100.0,100.0,77.37
RTG-0008,2025-09,0.94,0.68,121.5,1.03,9.65,0.0,720.0,4.11,38.58,4,4,1.0,0.99,0.94,0.0,0.0,121.5,0.0,0.0,9.65,0.0,0.0,4,0.0,0.0,4,100.0,25.0,98.65972222222223,77.36597222222223,99.96
RTG-0008,2025-10,0.99,0.7,521.0,1.0,3.0,0.0,744.0,1.0,3.0,1,1,0.99,0.94,0.99,0.0,121.5,521.0,0.0,9.65,3.0,0.0,4.0,1,0.0,4.0,1,100.0,100.0,99.59677419354838,99.95967741935485,100.0
RTG-0008,2025-11,1.0,0.5,0.0,0.0,0.0,0.0,720.0,0.0,0.0,0,0,0.94,0.99,1.0,121.5,521.0,0.0,9.65,3.0,0.0,4.0,1.0,0,4.0,1.0,0,100.0,100.0,100.0,100.0,84.95
RTG-0008,2025-12,0.99,0.28,102.5,1.0,3.67,0.0,744.0,2.0,7.33,2,0,0.99,1.0,0.99,521.0,0.0,102.5,3.0,0.0,3.67,1.0,0.0,2,1.0,0.0,0,100.0,50.0,99.50672043010753,84.95067204301075,84.98
RTG-0008,2026-01,0.99,0.28,103.5,0.0,1.46,0.0,744.0,0.0,2.92,2,0,1.0,0.99,0.99,0.0,102.5,103.5,0.0,3.67,1.46,0.0,2.0,2,0.0,0.0,0,100.0,50.0,99.80376344086022,84.98037634408603,99.95
RTG-0008,2026-02,1.0,0.35,233.0,1.0,3.33,0.0,672.0,1.0,3.33,1,0,0.99,0.99,1.0,102.5,103.5,233.0,3.67,1.46,3.33,2.0,2.0,1,0.0,0.0,0,100.0,100.0,99.50446428571429,99.95044642857142,100.0
RTG-0008,2026-03,0.99,0.15,0.0,0.0,0.0,0.0,744.0,0.0,0.0,0,0,0.99,1.0,0.99,103.5,233.0,0.0,1.46,3.33,0.0,2.0,1.0,0,0.0,0.0,0,100.0,100.0,100.0,100.0,75.96
RTG-0009,2024-03,1.0,0.04,14.5,0.29,1.21,0.0,744.0,0.58,2.42,2,2,0.99,1.0,1.0,53.5,0.0,14.5,1.5,0.0,1.21,1.0,0.0,2,1.0,0.0,2,100.0,50.0,99.83736559139786,84.98373655913979,100.0
RTG-0009,2024-04,1.0,0.04,0.0,0.0,0.0,0.0,720.0,0.0,0.0,0,0,1.0,1.0,1.0,0.0,14.5,0.0,0.0,1.21,0.0,0.0,2.0,0,0.0,2.0,0,100.0,100.0,100.0,100.0,100.0
RTG-0009,2024-05,1.0,0.1,0.0,0.0,0.0,0.0,744.0,0.0,0.0,0,0,1.0,1.0,1.0,14.5,0.0,0.0,1.21,0.0,0.0,2.0,0.0,0,2.0,0.0,0,100.0,100.0,100.0,100.0,100.0
RTG-0009,2024-06,0.99,0.1,0.0,0.0,0.0,0.0,720.0,0.0,0.0,0,0,1.0,1.0,0.99,0.0,0.0,0.0,0.0,0.0,0.0,0.0,0.0,0,0.0,0.0,0,100.0,100.0,100.0,100.0,100.0
RTG-0009,2024-07,1.0,0.26,0.0,0.0,0.0,0.0,744.0,0.0,0.0,0,0,1.0,0.99,1.0,0.0,0.0,0.0,0.0,0.0,0.0,0.0,0.0,0,0.0,0.0,0,100.0,100.0,100.0,100.0,100.0
RTG-0009,2024-08,1.0,0.18,0.0,0.0,0.0,0.0,744.0,0.0,0.0,0,0,0.99,1.0,1.0,0.0,0.0,0.0,0.0,0.0,0.0,0.0,0.0,0,0.0,0.0,0,100.0,100.0,100.0,100.0,99.93
RTG-0009,2024-09,0.99,0.13,95.0,0.5,5.0,0.0,720.0,0.5,5.0,1,1,1.0,1.0,0.99,0.0,0.0,95.0,0.0,0.0,5.0,0.0,0.0,1,0.0,0.0,1,100.0,100.0,99.30555555555556,99.93055555555556,100.0
RTG-0009,2024-10,0.99,0.16,0.0,0.0,0.0,0.0,744.0,0.0,0.0,0,0,1.0,0.99,0.99,0.0,95.0,0.0,0.0,5.0,0.0,0.0,1.0,0,0.0,1.0,0,100.0,100.0,100.0,100.0,100.0
RTG-0009,2024-11,0.97,0.23,0.0,0.0,0.0,0.0,720.0,0.0,0.0,0,0,0.99,0.99,0.97,95.0,0.0,0.0,5.0,0.0,0.0,1.0,0.0,0,1.0,0.0,0,100.0,100.0,100.0,100.0,99.86
RTG-0009,2024-12,0.99,0.33,244.5,3.5,10.12,0.0,744.0,3.5,10.12,1,1,0.99,0.97,0.99,0.0,0.0,244.5,0.0,0.0,10.12,0.0,0.0,1,0.0,0.0,1,100.0,100.0,98.63978494623656,99.86397849462365,99.97
RTG-0009,2025-01,0.99,0.26,191.5,0.67,2.0,0.0,744.0,0.67,2.0,1,1,0.97,0.99,0.99,0.0,244.5,191.5,0.0,10.12,2.0,0.0,1.0,1,0.0,1.0,1,100.0,100.0,99.73118279569893,99.97311827956989,99.99
RTG-0009,2025-02,0.99,0.32,216.0,0.17,0.5,0.0,672.0,0.17,0.5,1,1,0.99,0.99,0.99,244.5,191.5,216.0,10.12,2.0,0.5,1.0,1.0,1,1.0,1.0,1,100.0,100.0,99.92559523809523,99.99255952380952,79.99
RTG-0009,2025-03,0.99,0.41,102.0,0.32,1.0,0.0,744.0,0.97,3.0,3,3,0.99,0.99,0.99,191.5,216.0,102.0,2.0,0.5,1.0,1.0,1.0,3,1.0,1.0,3,100.0,33.333333333333336,99.86559139784946,79.98655913978494,84.97
RTG-0009,2025-04,0.99,0.49,174.75,0.65,1.96,0.0,720.0,1.31,3.92,2,2,0.99,0.99,0.99,216.0,102.0,174.75,0.5,1.0,1.96,1.0,3.0,2,1.0,3.0,2,100.0,50.0,99.72777777777779,84.97277777777778,84.91
RTG-0009,2025-05,0.97,0.45,167.0,2.27,6.82,0.0,744.0,4.54,13.63,2,2,0.99,0.99,0.97,102.0,174.75,167.0,1.0,1.96,6.82,3.0,2.0,2,3.0,2.0,2,100.0,50.0,99.08333333333333,84.90833333333333,100.0
RTG-0009,2025-06,1.0,0.57,0.0,0.0,0.0,0.0,720.0,0.0,0.0,0,0,0.99,0.97,1.0,174.75,167.0,0.0,1.96,6.82,0.0,2.0,2.0,0,2.0,2.0,0,100.0,100.0,100.0,100.0,100.0
RTG-0009,2025-07,0.99,0.61,0.0,0.0,0.0,0.0,744.0,0.0,0.0,0,0,0.97,1.0,0.99,167.0,0.0,0.0,6.82,0.0,0.0,2.0,0.0,0,2.0,0.0,0,100.0,100.0,100.0,100.0,99.99
RTG-0009,2025-08,0.98,0.52,384.5,0.36,1.08,0.0,744.0,0.36,1.08,1,1,1.0,0.99,0.98,0.0,0.0,384.5,0.0,0.0,1.08,0.0,0.0,1,0.0,0.0,1,100.0,100.0,99.85483870967742,99.98548387096774,100.0
RTG-0009,2025-09,1.0,0.55,0.0,0.0,0.0,0.0,720.0,0.0,0.0,0,0,0.99,0.98,1.0,0.0,384.5,0.0,0.0,1.08,0.0,0.0,1.0,0,0.0,1.0,0,100.0,100.0,100.0,100.0,100.0
RTG-0009,2025-10,0.98,0.41,0.0,0.0,0.0,0.0,744.0,0.0,0.0,0,0,0.98,1.0,0.98,384.5,0.0,0.0,1.08,0.0,0.0,1.0,0.0,0,1.0,0.0,0,100.0,100.0,100.0,100.0,100.0
RTG-0009,2025-11,1.0,0.4,0.0,0.0,0.0,0.0,720.0,0.0,0.0,0,0,1.0,0.98,1.0,0.0,0.0,0.0,0.0,0.0,0.0,0.0,0.0,0,0.0,0.0,0,100.0,100.0,100.0,100.0,85.0
RTG-0009,2025-12,1.0,0.17,61.5,1.0,0.34,0.0,744.0,2.0,0.67,2,0,0.98,1.0,1.0,0.0,0.0,61.5,0.0,0.0,0.34,0.0,0.0,2,0.0,0.0,0,100.0,50.0,99.95430107526882,84.99543010752689,82.0
RTG-0009,2026-01,0.82,0.15,57.0,0.0,65.64,0.0,744.0,0.0,131.28,2,0,1.0,1.0,0.82,0.0,61.5,57.0,0.0,0.34,65.64,0.0,2.0,2,0.0,0.0,0,96.47058823529412,50.0,91.1774193548387,82.00009487666034,56.59
RTG-0009,2026-02,0.54,0.02,4.0,0.67,102.83,0.0,672.0,2.0,308.5,3,0,1.0,0.82,0.54,61.5,57.0,4.0,0.34,65.64,102.83,2.0,2.0,3,0.0,0.0,0,63.52941176470588,33.333333333333336,84.69791666666666,56.58743872549019,30.0
RTG-0009,2026-03,0.0,0.0,0.0,1.0,744.0,0.0,744.0,1.0,744.0,1,0,0.82,0.54,0.0,57.0,4.0,0.0,65.64,102.83,744.0,2.0,3.0,1,0.0,0.0,0,0.0,100.0,0.0,30.0,40.0
RTG-0010,2024-03,0.46,0.04,9.5,0.33,135.0,0.0,744.0,1.0,405.0,3,3,1.0,0.54,0.46,0.0,97.67,9.5,0.0,105.67,135.0,0.0,3.0,3,0.0,3.0,3,54.11764705882353,33.333333333333336,81.85483870967742,50.65607210626186,49.38
RTG-0010,2024-04,0.24,0.0,0.0,1.0,544.5,0.0,720.0,1.0,544.5,1,1,0.54,0.46,0.24,97.67,9.5,0.0,105.67,135.0,544.5,3.0,3.0,1,3.0,3.0,1,28.235294117647058,100.0,24.375000000000004,49.37867647058823,100.0
RTG-0010,2024-05,1.0,0.0,0.0,0.0,0.0,0.0,744.0,0.0,0.0,0,0,0.46,0.24,1.0,9.5,0.0,0.0,135.0,544.5,0.0,3.0,1.0,0,3.0,1.0,0,100.0,100.0,100.0,100.0,100.0
RTG-0010,2024-06,1.0,0.0,0.0,0.0,0.0,0.0,720.0,0.0,0.0,0,0,0.24,1.0,1.0,0.0,0.0,0.0,544.5,0.0,0.0,1.0,0.0,0,1.0,0.0,0,100.0,100.0,100.0,100.0,100.0
RTG-0010,2024-07,1.0,0.0,0.0,0.0,0.0,0.0,744.0,0.0,0.0,0,0,1.0,1.0,1.0,0.0,0.0,0.0,0.0,0.0,0.0,0.0,0.0,0,0.0,0.0,0,100.0,100.0,100.0,100.0,79.97
RTG-0010,2024-08,0.98,0.24,59.0,0.83,2.42,0.0,744.0,2.5,7.25,3,3,1.0,1.0,0.98,0.0,0.0,59.0,0.0,0.0,2.42,0.0,0.0,3,0.0,0.0,3,100.0,33.333333333333336,99.6747311827957,79.96747311827957,100.0
RTG-0010,2024-09,1.0,0.85,0.0,0.0,0.0,0.0,720.0,0.0,0.0,0,0,1.0,0.98,1.0,0.0,59.0,0.0,0.0,2.42,0.0,0.0,3.0,0,0.0,3.0,0,100.0,100.0,100.0,100.0,100.0
RTG-0010,2024-10,1.0,0.87,0.0,0.0,0.0,0.0,744.0,0.0,0.0,0,0,0.98,1.0,1.0,59.0,0.0,0.0,2.42,0.0,0.0,3.0,0.0,0,3.0,0.0,0,100.0,100.0,100.0,100.0,99.99
RTG-0010,2024-11,0.97,0.42,299.5,0.12,0.37,0.0,720.0,0.12,0.37,1,1,1.0,1.0,0.97,0.0,0.0,299.5,0.0,0.0,0.37,0.0,0.0,1,0.0,0.0,1,100.0,100.0,99.9486111111111,99.9948611111111,56.26
RTG-0010,2024-12,0.48,0.4,150.0,2.17,195.0,0.0,744.0,4.33,390.0,2,2,1.0,0.97,0.48,0.0,299.5,150.0,0.0,0.37,195.0,0.0,1.0,2,0.0,1.0,2,56.470588235294116,50.0,73.79032258064517,56.26138519924099,30.0
RTG-0010,2025-01,0.0,0.0,0.0,1.0,744.0,0.0,744.0,1.0,744.0,1,1,0.97,0.48,0.0,299.5,150.0,0.0,0.37,195.0,744.0,1.0,2.0,1,1.0,2.0,1,0.0,100.0,0.0,30.0,30.0
RTG-0010,2025-02,0.0,0.0,0.0,0.0,672.0,0.0,672.0,0.0,672.0,1,1,0.48,0.0,0.0,150.0,0.0,0.0,195.0,744.0,672.0,2.0,1.0,1,2.0,1.0,1,0.0,100.0,0.0,30.0,30.0
RTG-0010,2025-03,0.0,0.0,0.0,1.0,744.0,0.0,744.0,1.0,744.0,1,1,0.0,0.0,0.0,0.0,0.0,0.0,744.0,672.0,744.0,1.0,1.0,1,1.0,1.0,1,0.0,100.0,0.0,30.0,30.0
RTG-0010,2025-04,0.0,0.0,0.0,0.0,720.0,0.0,720.0,0.0,720.0,1,1,0.0,0.0,0.0,0.0,0.0,0.0,672.0,744.0,720.0,1.0,1.0,1,1.0,1.0,1,0.0,100.0,0.0,30.0,30.0
RTG-0010,2025-05,0.0,0.0,0.0,1.0,744.0,0.0,744.0,1.0,744.0,1,1,0.0,0.0,0.0,0.0,0.0,0.0,744.0,720.0,744.0,1.0,1.0,1,1.0,1.0,1,0.0,100.0,0.0,30.0,30.0
RTG-0010,2025-06,0.0,0.0,0.0,1.0,720.0,0.0,720.0,1.0,720.0,1,1,0.0,0.0,0.0,0.0,0.0,0.0,720.0,744.0,720.0,1.0,1.0,1,1.0,1.0,1,0.0,100.0,0.0,30.0,30.0
RTG-0010,2025-07,0.0,0.0,0.0,1.0,744.0,0.0,744.0,1.0,744.0,1,1,0.0,0.0,0.0,0.0,0.0,0.0,744.0,720.0,744.0,1.0,1.0,1,1.0,1.0,1,0.0,100.0,0.0,30.0,40.16
RTG-0010,2025-08,0.36,0.27,40.8,2.0,93.2,0.0,744.0,10.0,466.0,5,5,0.0,0.0,0.36,0.0,0.0,40.8,720.0,744.0,93.2,1.0,1.0,5,1.0,1.0,5,42.35294117647059,20.0,87.47311827956989,40.15907653383934,84.92
RTG-0010,2025-09,0.98,0.79,282.75,1.82,5.46,0.0,720.0,3.64,10.92,2,2,0.0,0.36,0.98,0.0,40.8,282.75,744.0,93.2,5.46,1.0,5.0,2,1.0,5.0,2,100.0,50.0,99.24166666666666,84.92416666666666,84.7
RTG-0010,2025-10,0.93,0.65,242.5,7.46,22.37,0.0,744.0,14.92,44.75,2,2,0.36,0.98,0.93,40.8,282.75,242.5,93.2,5.46,22.37,5.0,2.0,2,5.0,2.0,2,100.0,50.0,96.99327956989248,84.69932795698925,77.44
RTG-0010,2025-11,0.97,0.62,111.75,0.37,4.1,0.0,720.0,1.47,16.42,4,4,0.98,0.93,0.97,282.75,242.5,111.75,5.46,22.37,4.1,2.0,2.0,4,2.0,2.0,4,100.0,25.0,99.43055555555556,77.44305555555556,100.0
RTG-0010,2025-12,1.0,0.57,0.0,0.0,0.0,0.0,744.0,0.0,0.0,0,0,0.93,0.97,1.0,242.5,111.75,0.0,22.37,4.1,0.0,2.0,4.0,0,2.0,4.0,0,100.0,100.0,100.0,100.0,99.95
RTG-0010,2026-01,0.91,0.51,377.0,0.0,3.67,60.0,744.0,0.0,3.67,1,0,0.97,1.0,0.91,111.75,0.0,377.0,4.1,0.0,3.67,4.0,0.0,1,4.0,0.0,0,100.0,100.0,99.50672043010753,99.95067204301075,84.97
RTG-0010,2026-02,0.99,0.42,139.5,0.5,1.84,0.0,672.0,1.0,3.67,2,0,1.0,0.91,0.99,0.0,377.0,139.5,0.0,3.67,1.84,0.0,1.0,2,0.0,0.0,0,100.0,50.0,99.72619047619048,84.97261904761905,79.96
RTG-0010,2026-03,0.98,0.24,59.33,1.0,3.08,0.0,744.0,3.0,9.25,3,0,0.91,0.99,0.98,377.0,139.5,59.33,3.67,1.84,3.08,1.0,2.0,3,0.0,0.0,0,100.0,33.333333333333336,99.58602150537634,79.95860215053763,84.99
RTG-0011,2024-03,0.92,0.75,559.5,1.0,60.17,0.0,744.0,1.0,60.17,1,1,0.99,0.99,0.92,0.0,0.0,559.5,0.0,0.0,60.17,0.0,0.0,1,0.0,0.0,1,100.0,100.0,91.91263440860216,99.19126344086021,67.88
RTG-0011,2024-04,0.47,0.11,78.0,1.0,381.0,0.0,720.0,1.0,381.0,1,1,0.99,0.92,0.47,0.0,559.5,78.0,0.0,60.17,381.0,0.0,1.0,1,0.0,1.0,1,55.294117647058826,100.0,47.083333333333336,67.88480392156863,99.99
RTG-0011,2024-05,0.99,0.64,479.0,0.35,0.83,0.0,744.0,0.35,0.83,1,1,0.92,0.47,0.99,559.5,78.0,479.0,60.17,381.0,0.83,1.0,1.0,1,1.0,1.0,1,100.0,100.0,99.88844086021506,99.9888440860215,84.96
RTG-0011,2024-06,0.99,0.39,138.75,0.75,2.75,0.0,720.0,1.5,5.5,2,0,0.47,0.99,0.99,78.0,479.0,138.75,381.0,0.83,2.75,1.0,1.0,2,1.0,1.0,0,100.0,50.0,99.61805555555556,84.96180555555556,100.0
RTG-0011,2024-07,1.0,0.0,0.0,0.0,0.0,0.0,744.0,0.0,0.0,0,0,0.99,0.99,1.0,479.0,138.75,0.0,0.83,2.75,0.0,1.0,2.0,0,1.0,0.0,0,100.0,100.0,100.0,100.0,100.0
RTG-0011,2024-08,1.0,0.0,0.0,0.0,0.0,0.0,744.0,0.0,0.0,0,0,0.99,1.0,1.0,138.75,0.0,0.0,2.75,0.0,0.0,2.0,0.0,0,0.0,0.0,0,100.0,100.0,100.0,100.0,100.0
RTG-0011,2024-09,1.0,0.0,0.0,0.0,0.0,0.0,720.0,0.0,0.0,0,0,1.0,1.0,1.0,0.0,0.0,0.0,0.0,0.0,0.0,0.0,0.0,0,0.0,0.0,0,100.0,100.0,100.0,100.0,100.0
RTG-0011,2024-10,1.0,0.0,0.0,0.0,0.0,0.0,744.0,0.0,0.0,0,0,1.0,1.0,1.0,0.0,0.0,0.0,0.0,0.0,0.0,0.0,0.0,0,0.0,0.0,0,100.0,100.0,100.0,100.0,100.0
RTG-0011,2024-11,1.0,0.0,0.0,0.0,0.0,0.0,720.0,0.0,0.0,0,0,1.0,1.0,1.0,0.0,0.0,0.0,0.0,0.0,0.0,0.0,0.0,0,0.0,0.0,0,100.0,100.0,100.0,100.0,30.0
RTG-0011,2024-12,0.0,0.0,0.0,1.0,744.0,0.0,744.0,1.0,744.0,1,1,1.0,1.0,0.0,0.0,0.0,0.0,0.0,0.0,744.0,0.0,0.0,1,0.0,0.0,1,0.0,100.0,0.0,30.0,30.0
RTG-0011,2025-01,0.0,0.0,0.0,1.0,744.0,0.0,744.0,1.0,744.0,1,1,1.0,0.0,0.0,0.0,0.0,0.0,0.0,744.0,744.0,0.0,1.0,1,0.0,1.0,1,0.0,100.0,0.0,30.0,30.0
RTG-0011,2025-02,0.0,0.0,0.0,0.0,672.0,0.0,672.0,0.0,672.0,1,1,0.0,0.0,0.0,0.0,0.0,0.0,744.0,744.0,672.0,1.0,1.0,1,1.0,1.0,1,0.0,100.0,0.0,30.0,30.0
RTG-0011,2025-03,0.0,0.0,0.0,1.0,744.0,0.0,744.0,1.0,744.0,1,1,0.0,0.0,0.0,0.0,0.0,0.0,744.0,672.0,744.0,1.0,1.0,1,1.0,1.0,1,0.0,100.0,0.0,30.0,30.0
RTG-0011,2025-04,0.0,0.0,0.0,0.0,720.0,0.0,720.0,0.0,720.0,1,1,0.0,0.0,0.0,0.0,0.0,0.0,672.0,744.0,720.0,1.0,1.0,1,1.0,1.0,1,0.0,100.0,0.0,30.0,30.0
RTG-0011,2025-05,0.0,0.0,0.0,1.0,744.0,0.0,744.0,1.0,744.0,1,1,0.0,0.0,0.0,0.0,0.0,0.0,744.0,720.0,744.0,1.0,1.0,1,1.0,1.0,1,0.0,100.0,0.0,30.0,30.0
RTG-0011,2025-06,0.0,0.0,0.0,1.0,720.0,0.0,720.0,1.0,720.0,1,1,0.0,0.0,0.0,0.0,0.0,0.0,720.0,744.0,720.0,1.0,1.0,1,1.0,1.0,1,0.0,100.0,0.0,30.0,30.0
RTG-0011,2025-07,0.0,0.0,0.0,1.0,744.0,0.0,744.0,1.0,744.0,1,1,0.0,0.0,0.0,0.0,0.0,0.0,744.0,720.0,744.0,1.0,1.0,1,1.0,1.0,1,0.0,100.0,0.0,30.0,30.0
RTG-0011,2025-08,0.0,0.0,0.0,1.0,744.0,0.0,744.0,1.0,744.0,1,1,0.0,0.0,0.0,0.0,0.0,0.0,720.0,744.0,744.0,1.0,1.0,1,1.0,1.0,1,0.0,100.0,0.0,30.0,72.65
RTG-0011,2025-09,0.83,0.69,70.86,1.52,16.29,0.0,720.0,10.67,114.0,7,7,0.0,0.0,0.83,0.0,0.0,70.86,744.0,744.0,16.29,1.0,1.0,7,1.0,1.0,7,97.6470588235294,14.285714285714286,97.7375,72.64769957983192,79.96
RTG-0011,2025-10,0.99,0.83,205.83,0.97,2.92,0.0,744.0,2.92,8.75,3,3,0.0,0.83,0.99,0.0,70.86,205.83,744.0,16.29,2.92,1.0,7.0,3,1.0,7.0,3,100.0,33.333333333333336,99.60752688172043,79.96075268817205,79.69
RTG-0011,2025-11,0.9,0.77,185.83,3.89,22.5,0.0,720.0,11.67,67.5,3,3,0.83,0.99,0.9,70.86,205.83,185.83,16.29,2.92,22.5,7.0,3.0,3,7.0,3.0,3,100.0,33.333333333333336,96.875,79.6875,99.31
RTG-0011,2025-12,0.91,0.57,421.0,1.0,51.25,0.0,744.0,1.0,51.25,1,0,0.99,0.9,0.91,205.83,185.83,421.0,2.92,22.5,51.25,3.0,3.0,1,3.0,3.0,0,100.0,100.0,93.11155913978494,99.3111559139785,99.77
RTG-0011,2026-01,0.97,0.66,488.0,0.0,17.0,0.0,744.0,0.0,17.0,1,0,0.9,0.91,0.97,185.83,421.0,488.0,22.5,51.25,17.0,3.0,1.0,1,3.0,0.0,0,100.0,100.0,97.71505376344086,99.7715053763441,77.17
RTG-0011,2026-02,0.86,0.42,69.75,0.5,22.34,0.0,672.0,2.0,89.35,4,0,0.91,0.97,0.86,421.0,488.0,69.75,51.25,17.0,22.34,1.0,1.0,4,0.0,0.0,0,100.0,25.0,96.67559523809524,77.16755952380953,84.99
RTG-0011,2026-03,0.99,0.53,196.5,1.0,0.62,0.0,744.0,2.0,1.23,2,0,0.97,0.86,0.99,488.0,69.75,196.5,17.0,22.34,0.62,1.0,4.0,2,0.0,0.0,0,100.0,50.0,99.91666666666667,84.99166666666667,70.62
RTG-0012,2024-03,0.55,0.37,137.5,0.08,165.25,0.0,744.0,0.17,330.5,2,2,0.48,0.0,0.55,288.5,0.0,137.5,386.0,696.0,165.25,1.0,1.0,2,1.0,1.0,2,64.70588235294117,50.0,77.78897849462365,61.60242726122707,99.95
RTG-0012,2024-04,0.99,0.72,518.0,1.0,3.83,0.0,720.0,1.0,3.83,1,1,0.0,0.55,0.99,0.0,137.5,518.0,696.0,165.25,3.83,1.0,2.0,1,1.0,2.0,1,100.0,100.0,99.46805555555555,99.94680555555556,99.99
RTG-0012,2024-05,0.99,0.82,608.54,0.33,1.0,0.0,744.0,0.33,1.0,1,1,0.55,0.99,0.99,137.5,518.0,608.54,165.25,3.83,1.0,2.0,1.0,1,2.0,1.0,1,100.0,100.0,99.86559139784946,99.98655913978494,100.0
RTG-0012,2024-06,0.99,0.79,0.0,0.0,0.0,0.0,720.0,0.0,0.0,0,0,0.99,0.99,0.99,518.0,608.54,0.0,3.83,1.0,0.0,1.0,1.0,0,1.0,1.0,0,100.0,100.0,100.0,100.0,99.91
RTG-0012,2024-07,0.99,0.81,605.0,1.67,7.0,0.0,744.0,1.67,7.0,1,1,0.99,0.99,0.99,608.54,0.0,605.0,1.0,0.0,7.0,1.0,0.0,1,1.0,0.0,1,100.0,100.0,99.05913978494624,99.90591397849462,100.0
RTG-0012,2024-08,0.99,0.85,0.0,0.0,0.0,0.0,744.0,0.0,0.0,0,0,0.99,0.99,0.99,0.0,605.0,0.0,0.0,7.0,0.0,0.0,1.0,0,0.0,1.0,0,100.0,100.0,100.0,100.0,84.99
RTG-0012,2024-09,1.0,0.86,309.75,0.28,0.92,0.0,720.0,0.56,1.83,2,2,0.99,0.99,1.0,605.0,0.0,309.75,7.0,0.0,0.92,1.0,0.0,2,1.0,0.0,2,100.0,50.0,99.87222222222222,84.98722222222221,100.0
RTG-0012,2024-10,0.99,0.87,649.5,0.06,0.33,0.0,744.0,0.06,0.33,1,1,0.99,1.0,0.99,0.0,309.75,649.5,0.0,0.92,0.33,0.0,2.0,1,0.0,2.0,1,100.0,100.0,99.95564516129032,99.99556451612904,77.48
RTG-0012,2024-11,0.99,0.88,158.5,0.31,1.13,0.0,720.0,1.26,4.5,4,4,1.0,0.99,0.99,309.75,649.5,158.5,0.92,0.33,1.13,2.0,1.0,4,2.0,1.0,4,100.0,25.0,99.84305555555557,77.48430555555555,79.64
RTG-0012,2024-12,0.88,0.76,188.17,1.07,26.56,0.0,744.0,3.22,79.67,3,3,0.99,0.99,0.88,649.5,158.5,188.17,0.33,1.13,26.56,1.0,4.0,3,1.0,4.0,3,100.0,33.333333333333336,96.43010752688173,79.64301075268817,77.44
RTG-0012,2025-01,0.97,0.76,140.88,1.5,4.75,0.0,744.0,6.0,19.0,4,4,0.99,0.88,0.97,158.5,188.17,140.88,1.13,26.56,4.75,4.0,3.0,4,4.0,3.0,4,100.0,25.0,99.36155913978494,77.4361559139785,54.26
RTG-0012,2025-02,0.3,0.27,179.0,1.0,465.0,0.0,672.0,1.0,465.0,1,1,0.88,0.97,0.3,188.17,140.88,179.0,26.56,4.75,465.0,3.0,4.0,1,3.0,4.0,1,35.294117647058826,100.0,30.80357142857143,54.256827731092436,99.93
RTG-0012,2025-03,0.99,0.22,163.0,1.0,5.0,0.0,744.0,1.0,5.0,1,1,0.97,0.3,0.99,140.88,179.0,163.0,4.75,465.0,5.0,4.0,1.0,1,4.0,1.0,1,100.0,100.0,99.32795698924731,99.93279569892474,100.0
RTG-0012,2025-04,0.99,0.84,0.0,0.0,0.0,0.0,720.0,0.0,0.0,0,0,0.3,0.99,0.99,179.0,163.0,0.0,465.0,5.0,0.0,1.0,1.0,0,1.0,1.0,0,100.0,100.0,100.0,100.0,58.79
RTG-0012,2025-05,0.57,0.43,107.0,2.0,107.67,0.0,744.0,6.0,323.0,3,3,0.99,0.99,0.57,163.0,0.0,107.0,5.0,0.0,107.67,1.0,0.0,3,1.0,0.0,3,67.05882352941175,33.333333333333336,85.5282258064516,58.788116698292214,30.0
RTG-0012,2025-06,0.0,0.0,0.0,1.0,720.0,0.0,720.0,1.0,720.0,1,1,0.99,0.57,0.0,0.0,107.0,0.0,0.0,107.67,720.0,0.0,3.0,1,0.0,3.0,1,0.0,100.0,0.0,30.0,30.0
RTG-0012,2025-07,0.0,0.0,0.0,1.0,744.0,0.0,744.0,1.0,744.0,1,1,0.57,0.0,0.0,107.0,0.0,0.0,107.67,720.0,744.0,3.0,1.0,1,3.0,1.0,1,0.0,100.0,0.0,30.0,30.0
RTG-0012,2025-08,0.0,0.0,0.0,1.0,744.0,0.0,744.0,1.0,744.0,1,1,0.0,0.0,0.0,0.0,0.0,0.0,720.0,744.0,744.0,1.0,1.0,1,1.0,1.0,1,0.0,100.0,0.0,30.0,79.19
RTG-0012,2025-09,0.61,0.53,383.5,0.0,278.5,0.0,720.0,0.0,278.5,1,1,0.0,0.0,0.61,0.0,0.0,383.5,744.0,744.0,278.5,1.0,1.0,1,1.0,1.0,1,71.76470588235294,100.0,61.319444444444436,79.19076797385621,84.97
RTG-0012,2025-10,0.98,0.84,312.75,0.71,2.13,0.0,744.0,1.42,4.25,2,2,0.0,0.61,0.98,0.0,383.5,312.75,744.0,278.5,2.13,1.0,1.0,2,1.0,1.0,2,100.0,50.0,99.71370967741936,84.97137096774193,99.99
RTG-0012,2025-11,1.0,0.87,625.5,0.28,0.83,0.0,720.0,0.28,0.83,1,1,0.61,0.98,1.0,383.5,312.75,625.5,278.5,2.13,0.83,1.0,2.0,1,1.0,2.0,1,100.0,100.0,99.88472222222222,99.98847222222223,100.0
RTG-0012,2025-12,1.0,0.41,0.0,0.0,0.0,0.0,744.0,0.0,0.0,0,0,0.98,1.0,1.0,312.75,625.5,0.0,2.13,0.83,0.0,2.0,1.0,0,2.0,1.0,0,100.0,100.0,100.0,100.0,100.0
RTG-0012,2026-01,1.0,0.42,0.0,0.0,0.0,0.0,744.0,0.0,0.0,0,0,1.0,1.0,1.0,625.5,0.0,0.0,0.83,0.0,0.0,1.0,0.0,0,1.0,0.0,0,100.0,100.0,100.0,100.0,99.92
RTG-0012,2026-02,0.99,0.6,402.0,1.0,5.63,0.0,672.0,1.0,5.63,1,0,1.0,1.0,0.99,0.0,0.0,402.0,0.0,0.0,5.63,0.0,0.0,1,0.0,0.0,0,100.0,100.0,99.16220238095238,99.91622023809524,100.0
RTG-0012,2026-03,0.99,0.41,0.0,0.0,0.0,0.0,744.0,0.0,0.0,0,0,1.0,0.99,0.99,0.0,402.0,0.0,0.0,5.63,0.0,0.0,1.0,0,0.0,0.0,0,100.0,100.0,100.0,100.0,74.26
RTG-0013,2024-03,0.99,0.81,151.0,0.49,1.75,0.0,744.0,1.94,7.0,4,4,0.99,0.95,0.99,108.0,508.5,151.0,8.5,33.0,1.75,1.0,1.0,4,1.0,1.0,4,100.0,25.0,99.76478494623656,77.47647849462365,84.98
RTG-0013,2024-04,1.0,0.67,242.0,0.33,1.75,0.0,720.0,0.67,3.5,2,2,0.95,0.99,1.0,508.5,151.0,242.0,33.0,1.75,1.75,1.0,4.0,2,1.0,4.0,2,100.0,50.0,99.75694444444444,84.97569444444444,99.97
RTG-0013,2024-05,0.99,0.83,615.0,1.0,2.17,0.0,744.0,1.0,2.17,1,1,0.99,1.0,0.99,151.0,242.0,615.0,1.75,1.75,2.17,4.0,2.0,1,4.0,2.0,1,100.0,100.0,99.70833333333333,99.97083333333333,75.77
RTG-0013,2024-06,0.88,0.71,102.9,0.62,16.49,0.0,720.0,3.1,82.43,5,0,1.0,0.99,0.88,242.0,615.0,102.9,1.75,2.17,16.49,2.0,1.0,5,2.0,1.0,0,100.0,20.0,97.70972222222221,75.77097222222223,100.0
RTG-0013,2024-07,0.99,0.81,0.0,0.0,0.0,0.0,744.0,0.0,0.0,0,0,0.99,0.88,0.99,615.0,102.9,0.0,2.17,16.49,0.0,1.0,5.0,0,1.0,0.0,0,100.0,100.0,100.0,100.0,100.0
RTG-0013,2024-08,1.0,0.85,0.0,0.0,0.0,0.0,744.0,0.0,0.0,0,0,0.88,0.99,1.0,102.9,0.0,0.0,16.49,0.0,0.0,5.0,0.0,0,0.0,0.0,0,100.0,100.0,100.0,100.0,84.83
RTG-0013,2024-09,0.96,0.83,298.0,0.75,11.93,0.0,720.0,1.5,23.87,2,2,0.99,1.0,0.96,0.0,0.0,298.0,0.0,0.0,11.93,0.0,0.0,2,0.0,0.0,2,100.0,50.0,98.34305555555557,84.83430555555556,99.85
RTG-0013,2024-10,0.98,0.86,638.5,1.0,11.5,0.0,744.0,1.0,11.5,1,1,1.0,0.96,0.98,0.0,298.0,638.5,0.0,11.93,11.5,0.0,2.0,1,0.0,2.0,1,100.0,100.0,98.45430107526882,99.84543010752688,84.97
RTG-0013,2024-11,0.96,0.83,300.5,0.7,2.08,0.0,720.0,1.39,4.17,2,2,0.96,0.98,0.96,298.0,638.5,300.5,11.93,11.5,2.08,2.0,1.0,2,2.0,1.0,2,100.0,50.0,99.71111111111111,84.97111111111111,99.93
RTG-0013,2024-12,0.99,0.87,647.0,1.83,5.5,0.0,744.0,1.83,5.5,1,1,0.98,0.96,0.99,638.5,300.5,647.0,11.5,2.08,5.5,1.0,2.0,1,1.0,2.0,1,100.0,100.0,99.26075268817203,99.9260752688172,99.99
RTG-0013,2025-01,0.99,0.89,661.5,0.5,0.5,0.0,744.0,0.5,0.5,1,1,0.96,0.99,0.99,300.5,647.0,661.5,2.08,5.5,0.5,2.0,1.0,1,2.0,1.0,1,100.0,100.0,99.93279569892472,99.99327956989248,84.9
RTG-0013,2025-02,0.97,0.87,293.75,0.75,6.5,0.0,672.0,1.5,13.0,2,2,0.99,0.99,0.97,647.0,661.5,293.75,5.5,0.5,6.5,1.0,1.0,2,1.0,1.0,2,100.0,50.0,99.03273809523809,84.90327380952381,99.99
RTG-0013,2025-03,0.99,0.78,581.0,0.5,1.0,0.0,744.0,0.5,1.0,1,1,0.99,0.97,0.99,661.5,293.75,581.0,0.5,6.5,1.0,1.0,2.0,1,1.0,2.0,1,100.0,100.0,99.86559139784946,99.98655913978494,94.56
RTG-0013,2025-04,0.8,0.68,487.0,8.0,137.5,0.0,720.0,8.0,137.5,1,1,0.97,0.99,0.8,293.75,581.0,487.0,6.5,1.0,137.5,2.0,1.0,1,2.0,1.0,1,94.11764705882352,100.0,80.90277777777779,94.56086601307189,84.72
RTG-0013,2025-05,0.93,0.81,303.0,4.25,21.0,0.0,744.0,8.5,42.0,2,2,0.99,0.8,0.93,581.0,487.0,303.0,1.0,137.5,21.0,1.0,1.0,2,1.0,1.0,2,100.0,50.0,97.17741935483872,84.71774193548387,84.97
RTG-0013,2025-06,0.99,0.83,299.5,0.62,1.87,0.0,720.0,1.25,3.75,2,2,0.8,0.93,0.99,487.0,303.0,299.5,137.5,21.0,1.87,1.0,2.0,2,1.0,2.0,2,100.0,50.0,99.74027777777778,84.97402777777778,77.44
RTG-0013,2025-07,0.97,0.84,156.25,1.55,4.77,0.0,744.0,6.19,19.07,4,4,0.93,0.99,0.97,303.0,299.5,156.25,21.0,1.87,4.77,2.0,2.0,4,2.0,2.0,4,100.0,25.0,99.35887096774194,77.4358870967742,75.91
RTG-0013,2025-08,0.95,0.82,121.8,2.3,6.89,0.0,744.0,11.48,34.43,5,5,0.99,0.97,0.95,299.5,156.25,121.8,1.87,4.77,6.89,2.0,4.0,5,2.0,4.0,5,100.0,20.0,99.0739247311828,75.90739247311828,84.96
RTG-0013,2025-09,0.99,0.86,310.75,0.92,2.75,0.0,720.0,1.83,5.5,2,2,0.97,0.95,0.99,156.25,121.8,310.75,4.77,6.89,2.75,4.0,5.0,2,4.0,5.0,2,100.0,50.0,99.61805555555556,84.96180555555556,84.97
RTG-0013,2025-10,0.99,0.86,319.0,0.63,1.88,0.0,744.0,1.25,3.75,2,2,0.95,0.99,0.99,121.8,310.75,319.0,6.89,2.75,1.88,5.0,2.0,2,5.0,2.0,2,100.0,50.0,99.74731182795699,84.9747311827957,99.86
RTG-0013,2025-11,0.99,0.78,563.0,3.25,9.75,0.0,720.0,3.25,9.75,1,1,0.99,0.99,0.99,310.75,319.0,563.0,2.75,1.88,9.75,2.0,2.0,1,2.0,2.0,1,100.0,100.0,98.64583333333333,99.86458333333333,100.0
RTG-0013,2025-12,0.9,0.55,0.0,0.0,0.0,0.0,744.0,0.0,0.0,0,0,0.99,0.99,0.9,319.0,563.0,0.0,1.88,9.75,0.0,2.0,1.0,0,2.0,1.0,0,100.0,100.0,100.0,100.0,100.0
RTG-0013,2026-01,1.0,0.63,0.0,0.0,0.0,0.0,744.0,0.0,0.0,0,0,0.99,0.9,1.0,563.0,0.0,0.0,9.75,0.0,0.0,1.0,0.0,0,1.0,0.0,0,100.0,100.0,100.0,100.0,99.92
RTG-0013,2026-02,0.99,0.5,333.0,1.0,5.42,0.0,672.0,1.0,5.42,1,0,0.9,1.0,0.99,0.0,0.0,333.0,0.0,0.0,5.42,0.0,0.0,1,0.0,0.0,0,100.0,100.0,99.19345238095238,99.91934523809525,99.84
RTG-0013,2026-03,0.98,0.52,386.0,1.0,12.17,0.0,744.0,1.0,12.17,1,0,1.0,0.99,0.98,0.0,333.0,386.0,0.0,5.42,12.17,0.0,1.0,1,0.0,0.0,0,100.0,100.0,98.36424731182795,99.8364247311828,99.95
RTG-0014,2024-03,1.0,0.1,0.0,0.0,0.0,0.0,744.0,0.0,0.0,0,0,1.0,1.0,1.0,0.0,0.0,0.0,0.0,0.0,0.0,0.0,0.0,0,0.0,0.0,0,100.0,100.0,100.0,100.0,100.0
RTG-0014,2024-04,1.0,0.36,0.0,0.0,0.0,0.0,720.0,0.0,0.0,0,0,1.0,1.0,1.0,0.0,0.0,0.0,0.0,0.0,0.0,0.0,0.0,0,0.0,0.0,0,100.0,100.0,100.0,100.0,100.0
RTG-0014,2024-05,1.0,0.05,0.0,0.0,0.0,0.0,744.0,0.0,0.0,0,0,1.0,1.0,1.0,0.0,0.0,0.0,0.0,0.0,0.0,0.0,0.0,0,0.0,0.0,0,100.0,100.0,100.0,100.0,100.0
RTG-0014,2024-06,1.0,0.08,0.0,0.0,0.0,0.0,720.0,0.0,0.0,0,0,1.0,1.0,1.0,0.0,0.0,0.0,0.0,0.0,0.0,0.0,0.0,0,0.0,0.0,0,100.0,100.0,100.0,100.0,100.0
RTG-0014,2024-07,1.0,0.07,0.0,0.0,0.0,0.0,744.0,0.0,0.0,0,0,1.0,1.0,1.0,0.0,0.0,0.0,0.0,0.0,0.0,0.0,0.0,0,0.0,0.0,0,100.0,100.0,100.0,100.0,100.0
RTG-0014,2024-08,1.0,0.04,0.0,0.0,0.0,0.0,744.0,0.0,0.0,0,0,1.0,1.0,1.0,0.0,0.0,0.0,0.0,0.0,0.0,0.0,0.0,0,0.0,0.0,0,100.0,100.0,100.0,100.0,100.0
RTG-0014,2024-09,0.93,0.03,0.0,0.0,0.0,0.0,720.0,0.0,0.0,0,0,1.0,1.0,0.93,0.0,0.0,0.0,0.0,0.0,0.0,0.0,0.0,0,0.0,0.0,0,100.0,100.0,100.0,100.0,100.0
RTG-0014,2024-10,1.0,0.15,0.0,0.0,0.0,0.0,744.0,0.0,0.0,0,0,1.0,0.93,1.0,0.0,0.0,0.0,0.0,0.0,0.0,0.0,0.0,0,0.0,0.0,0,100.0,100.0,100.0,100.0,84.96
RTG-0014,2024-11,0.98,0.81,293.25,1.83,3.0,0.0,720.0,3.67,6.0,2,2,0.93,1.0,0.98,0.0,0.0,293.25,0.0,0.0,3.0,0.0,0.0,2,0.0,0.0,2,100.0,50.0,99.58333333333333,84.95833333333333,77.3
RTG-0014,2024-12,0.92,0.8,149.0,3.42,15.0,0.0,744.0,13.67,60.0,4,4,1.0,0.98,0.92,0.0,293.25,149.0,0.0,3.0,15.0,0.0,2.0,4,0.0,2.0,4,100.0,25.0,97.98387096774194,77.29838709677419,99.96
RTG-0014,2025-01,0.99,0.88,657.5,1.0,3.0,0.0,744.0,1.0,3.0,1,1,0.98,0.92,0.99,293.25,149.0,657.5,3.0,15.0,3.0,2.0,4.0,1,2.0,4.0,1,100.0,100.0,99.59677419354838,99.95967741935485,84.67
RTG-0014,2025-02,0.93,0.86,288.5,1.0,22.33,0.0,672.0,2.0,44.67,2,2,0.92,0.99,0.93,149.0,657.5,288.5,15.0,3.0,22.33,4.0,1.0,2,4.0,1.0,2,100.0,50.0,96.67708333333334,84.66770833333334,100.0
RTG-0014,2025-03,0.99,0.79,0.0,0.0,0.0,0.0,744.0,0.0,0.0,0,0,0.99,0.93,0.99,657.5,288.5,0.0,3.0,22.33,0.0,1.0,2.0,0,1.0,2.0,0,100.0,100.0,100.0,100.0,99.99
RTG-0014,2025-04,1.0,0.84,603.0,0.21,0.5,0.0,720.0,0.21,0.5,1,1,0.93,0.99,1.0,288.5,0.0,603.0,22.33,0.0,0.5,2.0,0.0,1,2.0,0.0,1,100.0,100.0,99.93055555555556,99.99305555555556,100.0
RTG-0014,2025-05,1.0,0.86,0.0,0.0,0.0,0.0,744.0,0.0,0.0,0,0,0.99,1.0,1.0,0.0,603.0,0.0,0.0,0.5,0.0,0.0,1.0,0,0.0,1.0,0,100.0,100.0,100.0,100.0,99.93
RTG-0014,2025-06,0.99,0.83,596.0,1.73,5.2,0.0,720.0,1.73,5.2,1,1,1.0,1.0,0.99,603.0,0.0,596.0,0.5,0.0,5.2,1.0,0.0,1,1.0,0.0,1,100.0,100.0,99.27777777777777,99.92777777777778,99.97
RTG-0014,2025-07,1.0,0.87,644.5,0.63,1.88,0.0,744.0,0.63,1.88,1,1,1.0,0.99,1.0,0.0,596.0,644.5,0.0,5.2,1.88,0.0,1.0,1,0.0,1.0,1,100.0,100.0,99.74731182795699,99.9747311827957,84.97
RTG-0014,2025-08,0.99,0.86,321.25,0.67,2.0,0.0,744.0,1.33,4.0,2,2,0.99,1.0,0.99,596.0,644.5,321.25,5.2,1.88,2.0,1.0,1.0,2,1.0,1.0,2,100.0,50.0,99.73118279569893,84.97311827956989,100.0
RTG-0014,2025-09,1.0,0.87,0.0,0.0,0.0,0.0,720.0,0.0,0.0,0,0,1.0,0.99,1.0,644.5,321.25,0.0,1.88,2.0,0.0,1.0,2.0,0,1.0,2.0,0,100.0,100.0,100.0,100.0,99.95
RTG-0014,2025-10,0.99,0.85,635.0,1.25,3.75,0.0,744.0,1.25,3.75,1,1,0.99,1.0,0.99,321.25,0.0,635.0,2.0,0.0,3.75,2.0,0.0,1,2.0,0.0,1,100.0,100.0,99.49596774193549,99.94959677419355,99.88
RTG-0014,2025-11,0.98,0.85,608.5,2.78,8.33,0.0,720.0,2.78,8.33,1,1,1.0,0.99,0.98,0.0,635.0,608.5,0.0,3.75,8.33,0.0,1.0,1,0.0,1.0,1,100.0,100.0,98.84305555555557,99.88430555555556,100.0
RTG-0014,2025-12,0.99,0.27,0.0,0.0,0.0,0.0,744.0,0.0,0.0,0,0,0.99,0.98,0.99,635.0,608.5,0.0,3.75,8.33,0.0,1.0,1.0,0,1.0,1.0,0,100.0,100.0,100.0,100.0,100.0
RTG-0014,2026-01,1.0,0.25,0.0,0.0,0.0,0.0,744.0,0.0,0.0,0,0,0.98,0.99,1.0,608.5,0.0,0.0,8.33,0.0,0.0,1.0,0.0,0,1.0,0.0,0,100.0,100.0,100.0,100.0,79.98
RTG-0014,2026-02,0.99,0.67,150.67,0.67,1.45,0.0,672.0,2.0,4.34,3,0,0.99,1.0,0.99,0.0,0.0,150.67,0.0,0.0,1.45,0.0,0.0,3,0.0,0.0,0,100.0,33.333333333333336,99.78422619047619,79.97842261904762,100.0
RTG-0014,2026-03,1.0,0.28,0.0,0.0,0.0,0.0,744.0,0.0,0.0,0,0,1.0,0.99,1.0,0.0,150.67,0.0,0.0,1.45,0.0,0.0,3.0,0,0.0,0.0,0,100.0,100.0,100.0,100.0,77.46
RTG-0015,2024-03,1.0,0.82,0.0,0.0,0.0,0.0,744.0,0.0,0.0,0,0,1.0,0.99,1.0,570.5,276.25,0.0,0.27,0.75,0.0,1.0,2.0,0,1.0,2.0,0,100.0,100.0,100.0,100.0,84.98
RTG-0015,2024-04,1.0,0.69,249.25,0.5,1.5,0.0,720.0,1.0,3.0,2,2,0.99,1.0,1.0,276.25,0.0,249.25,0.75,0.0,1.5,2.0,0.0,2,2.0,0.0,2,100.0,50.0,99.79166666666667,84.97916666666667,99.79
RTG-0015,2024-05,0.97,0.81,600.0,1.0,15.65,0.0,744.0,1.0,15.65,1,1,1.0,1.0,0.97,0.0,249.25,600.0,0.0,1.5,15.65,0.0,2.0,1,0.0,2.0,1,100.0,100.0,97.8965053763441,99.78965053763442,100.0
RTG-0015,2024-06,1.0,0.77,0.0,0.0,0.0,0.0,720.0,0.0,0.0,0,0,1.0,0.97,1.0,249.25,600.0,0.0,1.5,15.65,0.0,2.0,1.0,0,2.0,1.0,0,100.0,100.0,100.0,100.0,100.0
RTG-0015,2024-07,0.99,0.83,0.0,0.0,0.0,0.0,744.0,0.0,0.0,0,0,0.97,1.0,0.99,600.0,0.0,0.0,15.65,0.0,0.0,1.0,0.0,0,1.0,0.0,0,100.0,100.0,100.0,100.0,100.0
RTG-0015,2024-08,0.99,0.86,0.0,0.0,0.0,0.0,744.0,0.0,0.0,0,0,1.0,0.99,0.99,0.0,0.0,0.0,0.0,0.0,0.0,0.0,0.0,0,0.0,0.0,0,100.0,100.0,100.0,100.0,100.0
RTG-0015,2024-09,0.96,0.86,0.0,0.0,0.0,0.0,720.0,0.0,0.0,0,0,0.99,0.99,0.96,0.0,0.0,0.0,0.0,0.0,0.0,0.0,0.0,0,0.0,0.0,0,100.0,100.0,100.0,100.0,99.92
RTG-0015,2024-10,0.99,0.87,647.0,1.0,6.0,0.0,744.0,1.0,6.0,1,1,0.99,0.96,0.99,0.0,0.0,647.0,0.0,0.0,6.0,0.0,0.0,1,0.0,0.0,1,100.0,100.0,99.19354838709677,99.91935483870968,77.46
RTG-0015,2024-11,0.98,0.86,155.0,1.04,3.1,0.0,720.0,4.17,12.42,4,4,0.96,0.99,0.98,0.0,647.0,155.0,0.0,6.0,3.1,0.0,1.0,4,0.0,1.0,4,100.0,25.0,99.56944444444444,77.45694444444445,100.0
RTG-0015,2024-12,1.0,0.87,0.0,0.0,0.0,0.0,744.0,0.0,0.0,0,0,0.99,0.98,1.0,647.0,155.0,0.0,6.0,3.1,0.0,1.0,4.0,0,1.0,4.0,0,100.0,100.0,100.0,100.0,100.0
RTG-0015,2025-01,1.0,0.9,0.0,0.0,0.0,0.0,744.0,0.0,0.0,0,0,0.98,1.0,1.0,155.0,0.0,0.0,3.1,0.0,0.0,4.0,0.0,0,4.0,0.0,0,100.0,100.0,100.0,100.0,99.84
RTG-0015,2025-02,0.98,0.89,597.0,1.0,10.63,0.0,672.0,1.0,10.63,1,1,1.0,1.0,0.98,0.0,0.0,597.0,0.0,0.0,10.63,0.0,0.0,1,0.0,0.0,1,100.0,100.0,98.41815476190476,99.84181547619048,99.14
RTG-0015,2025-03,0.91,0.77,571.0,2.5,64.0,0.0,744.0,2.5,64.0,1,1,1.0,0.98,0.91,0.0,597.0,571.0,0.0,10.63,64.0,0.0,1.0,1,0.0,1.0,1,100.0,100.0,91.39784946236558,99.13978494623656,99.99
RTG-0015,2025-04,1.0,0.85,609.0,1.5,0.5,0.0,720.0,1.5,0.5,1,1,0.98,0.91,1.0,597.0,571.0,609.0,10.63,64.0,0.5,1.0,1.0,1,1.0,1.0,1,100.0,100.0,99.93055555555556,99.99305555555556,99.99
RTG-0015,2025-05,0.99,0.86,639.0,0.33,1.0,0.0,744.0,0.33,1.0,1,1,0.91,1.0,0.99,571.0,609.0,639.0,64.0,0.5,1.0,1.0,1.0,1,1.0,1.0,1,100.0,100.0,99.86559139784946,99.98655913978494,84.95
RTG-0015,2025-06,0.99,0.83,298.5,1.08,3.25,0.0,720.0,2.17,6.5,2,2,1.0,0.99,0.99,609.0,639.0,298.5,0.5,1.0,3.25,1.0,1.0,2,1.0,1.0,2,100.0,50.0,99.54861111111111,84.95486111111111,84.98
RTG-0015,2025-07,0.99,0.86,320.75,0.54,1.63,0.0,744.0,1.09,3.27,2,2,0.99,0.99,0.99,639.0,298.5,320.75,1.0,3.25,1.63,1.0,2.0,2,1.0,2.0,2,100.0,50.0,99.78091397849462,84.97809139784947,100.0
RTG-0015,2025-08,1.0,0.87,0.0,0.0,0.0,0.0,744.0,0.0,0.0,0,0,0.99,0.99,1.0,298.5,320.75,0.0,3.25,1.63,0.0,2.0,2.0,0,2.0,2.0,0,100.0,100.0,100.0,100.0,77.47
RTG-0015,2025-09,0.96,0.84,151.0,0.6,1.81,0.0,720.0,2.42,7.25,4,4,0.99,1.0,0.96,320.75,0.0,151.0,1.63,0.0,1.81,2.0,0.0,4,2.0,0.0,4,100.0,25.0,99.7486111111111,77.47486111111111,84.89
RTG-0015,2025-10,0.96,0.84,311.75,2.61,7.83,0.0,744.0,5.22,15.67,2,2,1.0,0.96,0.96,0.0,151.0,311.75,0.0,1.81,7.83,0.0,4.0,2,0.0,4.0,2,100.0,50.0,98.9475806451613,84.89475806451613,84.92
RTG-0015,2025-11,0.98,0.85,305.5,2.0,6.0,0.0,720.0,4.0,12.0,2,2,0.96,0.96,0.98,151.0,311.75,305.5,1.81,7.83,6.0,4.0,2.0,2,4.0,2.0,2,100.0,50.0,99.16666666666667,84.91666666666667,99.99
RTG-0015,2025-12,1.0,0.64,473.0,1.0,0.67,0.0,744.0,1.0,0.67,1,0,0.96,0.98,1.0,311.75,305.5,473.0,7.83,6.0,0.67,2.0,2.0,1,2.0,2.0,0,100.0,100.0,99.90994623655915,99.99099462365592,75.97
RTG-0015,2026-01,0.98,0.62,92.4,0.0,2.52,5.92,744.0,0.0,12.62,5,0,0.98,1.0,0.98,305.5,473.0,92.4,6.0,0.67,2.52,2.0,1.0,5,2.0,0.0,0,100.0,20.0,99.66129032258064,75.96612903225807,79.95
RTG-0015,2026-02,0.98,0.32,72.33,0.67,3.5,0.0,672.0,2.0,10.49,3,0,1.0,0.98,0.98,473.0,92.4,72.33,0.67,2.52,3.5,1.0,5.0,3,0.0,0.0,0,100.0,33.333333333333336,99.47916666666666,79.94791666666667,84.98
RTG-0015,2026-03,0.99,0.55,205.0,1.0,1.64,0.0,744.0,2.0,3.28,2,0,0.98,0.98,0.99,92.4,72.33,205.0,2.52,3.5,1.64,5.0,3.0,2,0.0,0.0,0,100.0,50.0,99.77956989247312,84.97795698924732,77.47
RTG-0016,2024-03,0.99,0.67,166.83,0.53,3.14,0.0,744.0,1.58,9.42,3,3,0.99,1.0,0.99,0.0,0.0,166.83,0.0,0.0,3.14,0.0,0.0,3,0.0,0.0,3,100.0,33.333333333333336,99.57795698924731,79.95779569892473,84.94
RTG-0016,2024-04,0.99,0.68,245.25,0.75,4.0,0.0,720.0,1.5,8.0,2,2,1.0,0.99,0.99,0.0,166.83,245.25,0.0,3.14,4.0,0.0,3.0,2,0.0,3.0,2,100.0,50.0,99.44444444444444,84.94444444444444,99.6
RTG-0016,2024-05,0.95,0.55,411.5,1.0,30.0,0.0,744.0,1.0,30.0,1,1,0.99,0.99,0.95,166.83,245.25,411.5,3.14,4.0,30.0,3.0,2.0,1,3.0,2.0,1,100.0,100.0,95.96774193548387,99.59677419354838,100.0
RTG-0016,2024-06,0.99,0.59,424.0,0.0,0.0,0.0,720.0,0.0,0.0,1,0,0.99,0.95,0.99,245.25,411.5,424.0,4.0,30.0,0.0,2.0,1.0,1,2.0,1.0,0,100.0,100.0,100.0,100.0,100.0
RTG-0016,2024-07,0.94,0.75,0.0,0.0,0.0,37.75,744.0,0.0,0.0,0,0,0.95,0.99,0.94,411.5,424.0,0.0,30.0,0.0,0.0,1.0,1.0,0,1.0,0.0,0,100.0,100.0,100.0,100.0,99.66
RTG-0016,2024-08,0.96,0.81,599.5,0.0,25.0,0.0,744.0,0.0,25.0,1,1,0.99,0.94,0.96,424.0,0.0,599.5,0.0,0.0,25.0,1.0,0.0,1,0.0,0.0,1,100.0,100.0,96.63978494623656,99.66397849462365,100.0
RTG-0016,2024-09,0.88,0.68,0.0,0.0,0.0,0.0,720.0,0.0,0.0,0,0,0.94,0.96,0.88,0.0,599.5,0.0,0.0,25.0,0.0,0.0,1.0,0,0.0,1.0,0,100.0,100.0,100.0,100.0,100.0
RTG-0016,2024-10,0.99,0.87,0.0,0.0,0.0,0.0,744.0,0.33,0.0,0,0,0.96,0.88,0.99,599.5,0.0,0.0,25.0,0.0,0.0,1.0,0.0,0,1.0,0.0,0,100.0,100.0,100.0,100.0,79.96
RTG-0016,2024-11,0.99,0.88,210.67,0.94,2.83,0.0,720.0,2.83,8.5,3,3,0.88,0.99,0.99,0.0,0.0,210.67,0.0,0.0,2.83,0.0,0.0,3,0.0,0.0,3,100.0,33.333333333333336,99.60694444444445,79.96069444444444,84.99
RTG-0016,2024-12,0.99,0.85,316.75,0.15,0.63,0.0,744.0,0.3,1.25,2,2,0.99,0.99,0.99,0.0,210.67,316.75,0.0,2.83,0.63,0.0,3.0,2,0.0,3.0,2,100.0,50.0,99.91532258064517,84.99153225806452,84.77
RTG-0016,2025-01,0.95,0.85,318.0,5.58,16.75,0.0,744.0,11.17,33.5,2,2,0.99,0.99,0.95,210.67,316.75,318.0,2.83,0.63,16.75,3.0,2.0,2,3.0,2.0,2,100.0,50.0,97.7486559139785,84.77486559139786,99.99
RTG-0016,2025-02,0.99,0.9,606.5,0.19,0.5,0.0,672.0,0.19,0.5,1,1,0.99,0.95,0.99,316.75,318.0,606.5,0.63,16.75,0.5,2.0,2.0,1,2.0,2.0,1,100.0,100.0,99.92559523809523,99.99255952380952,99.97
RTG-0016,2025-03,0.99,0.79,586.0,0.67,2.0,0.0,744.0,0.67,2.0,1,1,0.95,0.99,0.99,318.0,606.5,586.0,16.75,0.5,2.0,2.0,1.0,1,2.0,1.0,1,100.0,100.0,99.73118279569893,99.97311827956989,84.87
RTG-0016,2025-04,0.97,0.83,297.5,3.17,9.5,0.0,720.0,6.33,19.0,2,2,0.99,0.99,0.97,606.5,586.0,297.5,0.5,2.0,9.5,1.0,1.0,2,1.0,1.0,2,100.0,50.0,98.68055555555556,84.86805555555556,100.0
RTG-0016,2025-05,0.99,0.86,0.0,0.0,0.0,2.67,744.0,0.0,0.0,0,0,0.99,0.97,0.99,586.0,297.5,0.0,2.0,9.5,0.0,1.0,2.0,0,1.0,2.0,0,100.0,100.0,100.0,100.0,84.97
RTG-0016,2025-06,0.99,0.83,298.5,0.8,2.36,0.0,720.0,1.6,4.72,2,2,0.97,0.99,0.99,297.5,0.0,298.5,9.5,0.0,2.36,2.0,0.0,2,2.0,0.0,2,100.0,50.0,99.67222222222222,84.96722222222222,84.95
RTG-0016,2025-07,0.98,0.86,318.25,1.31,3.92,0.0,744.0,2.61,7.83,2,2,0.99,0.99,0.98,0.0,298.5,318.25,0.0,2.36,3.92,0.0,2.0,2,0.0,2.0,2,100.0,50.0,99.47311827956989,84.947311827957,100.0
RTG-0016,2025-08,1.0,0.87,0.0,0.0,0.0,0.0,744.0,0.0,0.0,0,0,0.99,0.98,1.0,298.5,318.25,0.0,2.36,3.92,0.0,2.0,2.0,0,2.0,2.0,0,100.0,100.0,100.0,100.0,77.4
RTG-0016,2025-09,0.95,0.83,149.88,1.69,7.52,0.0,720.0,6.78,30.08,4,4,0.98,1.0,0.95,318.25,0.0,149.88,3.92,0.0,7.52,2.0,0.0,4,2.0,0.0,4,100.0,25.0,98.95555555555555,77.39555555555556,79.98
RTG-0016,2025-10,0.99,0.86,213.67,0.48,1.39,0.0,744.0,1.44,4.17,3,3,1.0,0.95,0.99,0.0,149.88,213.67,0.0,7.52,1.39,0.0,4.0,3,0.0,4.0,3,100.0,33.333333333333336,99.81317204301075,79.98131720430108,84.98
RTG-0016,2025-11,0.99,0.86,309.75,0.53,1.58,0.0,720.0,1.06,3.17,2,2,0.95,0.99,0.99,149.88,213.67,309.75,7.52,1.39,1.58,4.0,3.0,2,4.0,3.0,2,100.0,50.0,99.78055555555555,84.97805555555556,79.96
RTG-0016,2025-12,0.97,0.49,120.67,1.0,2.94,13.65,744.0,3.0,8.83,3,0,0.99,0.99,0.97,213.67,309.75,120.67,1.39,1.58,2.94,3.0,2.0,3,3.0,2.0,0,100.0,33.333333333333336,99.60483870967742,79.96048387096775,100.0
RTG-0016,2026-01,1.0,0.29,0.0,0.0,0.0,0.0,744.0,0.0,2.0,0,0,0.99,0.97,1.0,309.75,120.67,0.0,1.58,2.94,0.0,2.0,3.0,0,2.0,0.0,0,100.0,100.0,100.0,100.0,100.0
RTG-0016,2026-02,1.0,0.61,0.0,0.0,0.0,0.0,672.0,0.0,0.0,0,0,0.97,1.0,1.0,120.67,0.0,0.0,2.94,0.0,0.0,3.0,0.0,0,0.0,0.0,0,100.0,100.0,100.0,100.0,79.99
RTG-0016,2026-03,1.0,0.57,141.33,1.0,0.92,0.0,744.0,3.0,2.75,3,0,1.0,1.0,1.0,0.0,0.0,141.33,0.0,0.0,0.92,0.0,0.0,3,0.0,0.0,0,100.0,33.333333333333336,99.8763440860215,79.98763440860215,99.99
SIL-0001,2024-03,1.0,0.01,0.0,0.0,0.0,0.0,744.0,0.0,0.0,0,0,1.0,1.0,1.0,0.0,0.0,0.0,0.0,0.0,0.0,0.0,0.0,0,0.0,0.0,0,100.0,100.0,100.0,100.0,100.0
SIL-0001,2024-04,1.0,0.02,0.0,0.0,0.0,0.0,720.0,0.0,0.0,0,0,1.0,1.0,1.0,0.0,0.0,0.0,0.0,0.0,0.0,0.0,0.0,0,0.0,0.0,0,100.0,100.0,100.0,100.0,100.0
SIL-0001,2024-05,1.0,0.0,0.0,0.0,0.0,0.0,744.0,0.0,0.0,0,0,1.0,1.0,1.0,0.0,0.0,0.0,0.0,0.0,0.0,0.0,0.0,0,0.0,0.0,0,100.0,100.0,100.0,100.0,100.0
SIL-0001,2024-06,1.0,0.0,0.0,0.0,0.0,0.0,720.0,0.0,0.0,0,0,1.0,1.0,1.0,0.0,0.0,0.0,0.0,0.0,0.0,0.0,0.0,0,0.0,0.0,0,100.0,100.0,100.0,100.0,100.0
SIL-0001,2024-07,1.0,0.0,0.0,0.0,0.0,0.0,744.0,0.0,0.0,0,0,1.0,1.0,1.0,0.0,0.0,0.0,0.0,0.0,0.0,0.0,0.0,0,0.0,0.0,0,100.0,100.0,100.0,100.0,100.0
SIL-0001,2024-08,1.0,0.02,0.0,0.0,0.0,0.0,744.0,0.0,0.0,0,0,1.0,1.0,1.0,0.0,0.0,0.0,0.0,0.0,0.0,0.0,0.0,0,0.0,0.0,0,100.0,100.0,100.0,100.0,100.0
SIL-0001,2024-09,1.0,0.01,0.0,0.0,0.0,0.0,720.0,0.0,0.0,0,0,1.0,1.0,1.0,0.0,0.0,0.0,0.0,0.0,0.0,0.0,0.0,0,0.0,0.0,0,100.0,100.0,100.0,100.0,100.0
SIL-0001,2024-10,1.0,0.0,0.0,0.0,0.0,0.0,744.0,0.0,0.0,0,0,1.0,1.0,1.0,0.0,0.0,0.0,0.0,0.0,0.0,0.0,0.0,0,0.0,0.0,0,100.0,100.0,100.0,100.0,100.0
SIL-0001,2024-11,1.0,0.02,0.0,0.0,0.0,0.0,720.0,0.0,0.0,0,0,1.0,1.0,1.0,0.0,0.0,0.0,0.0,0.0,0.0,0.0,0.0,0,0.0,0.0,0,100.0,100.0,100.0,100.0,100.0
SIL-0001,2024-12,1.0,0.17,0.0,0.0,0.0,0.0,744.0,0.0,0.0,0,0,1.0,1.0,1.0,0.0,0.0,0.0,0.0,0.0,0.0,0.0,0.0,0,0.0,0.0,0,100.0,100.0,100.0,100.0,100.0
SIL-0001,2025-01,1.0,0.28,0.0,0.0,0.0,0.0,744.0,0.0,0.0,0,0,1.0,1.0,1.0,0.0,0.0,0.0,0.0,0.0,0.0,0.0,0.0,0,0.0,0.0,0,100.0,100.0,100.0,100.0,99.75
SIL-0001,2025-02,0.97,0.43,289.0,1.1,17.0,0.0,672.0,1.1,17.0,1,1,1.0,1.0,0.97,0.0,0.0,289.0,0.0,0.0,17.0,0.0,0.0,1,0.0,0.0,1,100.0,100.0,97.47023809523809,99.74702380952381,100.0
SIL-0001,2025-03,1.0,0.52,0.0,0.0,0.0,0.0,744.0,0.0,0.0,0,0,1.0,0.97,1.0,0.0,289.0,0.0,0.0,17.0,0.0,0.0,1.0,0,0.0,1.0,0,100.0,100.0,100.0,100.0,100.0
SIL-0001,2025-04,0.99,0.6,0.0,0.0,0.0,0.0,720.0,0.0,0.0,0,0,0.97,1.0,0.99,289.0,0.0,0.0,17.0,0.0,0.0,1.0,0.0,0,1.0,0.0,0,100.0,100.0,100.0,100.0,100.0
SIL-0001,2025-05,0.99,0.46,0.0,0.0,0.0,0.0,744.0,0.0,0.0,0,0,1.0,0.99,0.99,0.0,0.0,0.0,0.0,0.0,0.0,0.0,0.0,0,0.0,0.0,0,100.0,100.0,100.0,100.0,100.0
SIL-0001,2025-06,1.0,0.4,0.0,0.0,0.0,0.0,720.0,0.0,0.0,0,0,0.99,0.99,1.0,0.0,0.0,0.0,0.0,0.0,0.0,0.0,0.0,0,0.0,0.0,0,100.0,100.0,100.0,100.0,84.98
SIL-0001,2025-07,0.98,0.65,241.5,0.43,1.29,0.0,744.0,0.86,2.58,2,2,0.99,1.0,0.98,0.0,0.0,241.5,0.0,0.0,1.29,0.0,0.0,2,0.0,0.0,2,100.0,50.0,99.82661290322581,84.98266129032258,100.0
SIL-0001,2025-08,0.99,0.67,497.0,0.11,0.33,0.0,744.0,0.11,0.33,1,1,1.0,0.98,0.99,0.0,241.5,497.0,0.0,1.29,0.33,0.0,2.0,1,0.0,2.0,1,100.0,100.0,99.95564516129032,99.99556451612904,84.99
SIL-0001,2025-09,0.98,0.69,249.5,0.14,0.42,4.58,720.0,0.28,0.83,2,2,0.98,0.99,0.98,241.5,497.0,249.5,1.29,0.33,0.42,2.0,1.0,2,2.0,1.0,2,100.0,50.0,99.94166666666666,84.99416666666667,84.99
SIL-0001,2025-10,0.99,0.74,275.0,0.25,0.75,0.0,744.0,0.5,1.5,2,2,0.99,0.98,0.99,497.0,249.5,275.0,0.33,0.42,0.75,1.0,2.0,2,1.0,2.0,2,100.0,50.0,99.8991935483871,84.98991935483872,77.47
SIL-0001,2025-11,0.99,0.61,109.0,0.62,1.85,0.0,720.0,2.47,7.42,4,4,0.98,0.99,0.99,249.5,275.0,109.0,0.42,0.75,1.85,2.0,2.0,4,2.0,2.0,4,100.0,25.0,99.74305555555556,77.47430555555556,100.0
SIL-0001,2025-12,0.99,0.46,0.0,0.0,0.0,0.0,744.0,0.0,0.0,0,0,0.99,0.99,0.99,275.0,109.0,0.0,0.75,1.85,0.0,2.0,4.0,0,2.0,4.0,0,100.0,100.0,100.0,100.0,77.35
SIL-0001,2026-01,0.94,0.56,103.25,0.0,10.92,0.0,744.0,0.0,43.68,4,0,0.99,0.99,0.94,109.0,0.0,103.25,1.85,0.0,10.92,4.0,0.0,4,4.0,0.0,0,100.0,25.0,98.53225806451613,77.35322580645162,100.0
SIL-0001,2026-02,1.0,0.51,0.0,0.0,0.0,0.0,672.0,0.0,0.0,0,0,0.99,0.94,1.0,0.0,103.25,0.0,0.0,10.92,0.0,0.0,4.0,0,0.0,0.0,0,100.0,100.0,100.0,100.0,79.89
SIL-0001,2026-03,0.96,0.39,96.0,1.0,7.94,0.0,744.0,3.0,23.83,3,0,0.94,1.0,0.96,103.25,0.0,96.0,10.92,0.0,7.94,4.0,0.0,3,0.0,0.0,0,100.0,33.333333333333336,98.93279569892474,79.89327956989247,99.85
TTR-0001,2024-03,1.0,0.34,0.0,0.0,0.0,0.0,744.0,0.06,0.0,0,0,1.0,1.0,1.0,0.0,0.0,0.0,0.0,0.0,0.0,0.0,0.0,0,0.0,0.0,0,100.0,100.0,100.0,100.0,100.0
TTR-0001,2024-04,0.99,0.24,0.0,0.0,0.0,0.0,720.0,0.0,0.0,0,0,1.0,1.0,0.99,0.0,0.0,0.0,0.0,0.0,0.0,0.0,0.0,0,0.0,0.0,0,100.0,100.0,100.0,100.0,99.99
TTR-0001,2024-05,1.0,0.29,217.5,0.25,0.42,0.0,744.0,0.25,0.42,1,1,1.0,0.99,1.0,0.0,0.0,217.5,0.0,0.0,0.42,0.0,0.0,1,0.0,0.0,1,100.0,100.0,99.94354838709677,99.99435483870968,100.0
TTR-0001,2024-06,0.99,0.3,0.0,0.0,0.0,0.0,720.0,0.0,0.0,0,0,0.99,1.0,0.99,0.0,217.5,0.0,0.0,0.42,0.0,0.0,1.0,0,0.0,1.0,0,100.0,100.0,100.0,100.0,75.0
TTR-0001,2024-07,0.99,0.32,39.75,0.08,0.29,0.0,744.0,0.48,1.72,6,6,1.0,0.99,0.99,217.5,0.0,39.75,0.42,0.0,0.29,1.0,0.0,6,1.0,0.0,6,100.0,16.666666666666668,99.96102150537635,74.99610215053764,100.0
TTR-0001,2024-08,0.99,0.31,0.0,0.0,0.0,0.0,744.0,0.0,0.0,0,0,0.99,0.99,0.99,0.0,39.75,0.0,0.0,0.29,0.0,0.0,6.0,0,0.0,6.0,0,100.0,100.0,100.0,100.0,100.0
TTR-0001,2024-09,0.99,0.33,240.0,0.06,0.17,0.0,720.0,0.06,0.17,1,1,0.99,0.99,0.99,39.75,0.0,240.0,0.29,0.0,0.17,6.0,0.0,1,6.0,0.0,1,100.0,100.0,99.97638888888889,99.99763888888889,84.99
TTR-0001,2024-10,0.99,0.34,125.5,0.22,0.67,0.0,744.0,0.45,1.33,2,2,0.99,0.99,0.99,0.0,240.0,125.5,0.0,0.17,0.67,0.0,1.0,2,0.0,1.0,2,100.0,50.0,99.90994623655915,84.99099462365592,99.99
TTR-0001,2024-11,1.0,0.38,277.0,0.08,0.42,0.0,720.0,0.08,0.42,1,1,0.99,0.99,1.0,240.0,125.5,277.0,0.17,0.67,0.42,1.0,2.0,1,1.0,2.0,1,100.0,100.0,99.94166666666666,99.99416666666667,100.0
TTR-0001,2024-12,1.0,0.33,248.5,0.1,0.3,0.0,744.0,0.1,0.3,1,1,0.99,1.0,1.0,125.5,277.0,248.5,0.67,0.42,0.3,2.0,1.0,1,2.0,1.0,1,100.0,100.0,99.95967741935485,99.99596774193549,100.0
TTR-0001,2025-01,0.99,0.36,0.0,0.0,0.0,0.0,744.0,0.0,0.0,0,0,1.0,1.0,0.99,277.0,248.5,0.0,0.42,0.3,0.0,1.0,1.0,0,1.0,1.0,0,100.0,100.0,100.0,100.0,85.0
TTR-0001,2025-02,0.99,0.45,150.25,0.11,0.31,0.0,672.0,0.22,0.62,2,2,1.0,0.99,0.99,248.5,0.0,150.25,0.3,0.0,0.31,1.0,0.0,2,1.0,0.0,2,100.0,50.0,99.95386904761905,84.9953869047619,100.0
TTR-0001,2025-03,0.99,0.42,311.0,0.0,0.33,0.0,744.0,0.0,0.33,1,1,0.99,0.99,0.99,0.0,150.25,311.0,0.0,0.31,0.33,0.0,2.0,1,0.0,2.0,1,100.0,100.0,99.95564516129032,99.99556451612904,100.0
TTR-0001,2025-04,0.99,0.27,0.0,0.0,0.0,0.0,720.0,0.0,0.0,0,0,0.99,0.99,0.99,150.25,311.0,0.0,0.31,0.33,0.0,2.0,1.0,0,2.0,1.0,0,100.0,100.0,100.0,100.0,100.0
TTR-0001,2025-05,1.0,0.32,235.5,0.11,0.33,0.0,744.0,0.11,0.33,1,1,0.99,0.99,1.0,311.0,0.0,235.5,0.33,0.0,0.33,1.0,0.0,1,1.0,0.0,1,100.0,100.0,99.95564516129032,99.99556451612904,99.99
TTR-0001,2025-06,0.99,0.45,325.5,0.19,0.42,0.0,720.0,0.19,0.42,1,1,0.99,1.0,0.99,0.0,235.5,325.5,0.0,0.33,0.42,0.0,1.0,1,0.0,1.0,1,100.0,100.0,99.94166666666666,99.99416666666667,84.99
TTR-0001,2025-07,0.99,0.6,222.25,0.25,0.75,0.0,744.0,0.5,1.5,2,2,1.0,0.99,0.99,235.5,325.5,222.25,0.33,0.42,0.75,1.0,1.0,2,1.0,1.0,2,100.0,50.0,99.8991935483871,84.98991935483872,77.47
TTR-0001,2025-08,0.99,0.56,104.38,0.75,2.25,0.0,744.0,3.0,9.0,4,4,0.99,0.99,0.99,325.5,222.25,104.38,0.42,0.75,2.25,1.0,2.0,4,1.0,2.0,4,100.0,25.0,99.69758064516128,77.46975806451613,80.0
TTR-0001,2025-09,0.99,0.67,160.83,0.09,0.28,0.0,720.0,0.28,0.83,3,3,0.99,0.99,0.99,222.25,104.38,160.83,0.75,2.25,0.28,2.0,4.0,3,2.0,4.0,3,100.0,33.333333333333336,99.96111111111111,79.9961111111111,100.0
TTR-0001,2025-10,0.98,0.69,0.0,0.0,0.0,0.0,744.0,0.0,0.0,0,0,0.99,0.99,0.98,104.38,160.83,0.0,2.25,0.28,0.0,4.0,3.0,0,4.0,3.0,0,100.0,100.0,100.0,100.0,84.99
TTR-0001,2025-11,0.99,0.47,170.75,0.35,0.96,0.0,720.0,0.71,1.92,2,2,0.99,0.98,0.99,160.83,0.0,170.75,0.28,0.0,0.96,3.0,0.0,2,3.0,0.0,2,100.0,50.0,99.86666666666667,84.98666666666666,74.28
TTR-0001,2025-12,0.99,0.48,51.29,1.0,0.73,0.0,744.0,7.0,5.08,7,0,0.98,0.99,0.99,0.0,170.75,51.29,0.0,0.96,0.73,0.0,2.0,7,0.0,2.0,0,100.0,14.285714285714286,99.90188172043011,74.2759024577573,79.89
TTR-0001,2026-01,0.96,0.42,104.33,0.0,8.07,0.0,744.0,0.0,24.2,3,0,0.99,0.99,0.96,170.75,51.29,104.33,0.96,0.73,8.07,2.0,7.0,3,2.0,0.0,0,100.0,33.333333333333336,98.91532258064515,79.89153225806452,73.64
TTR-0001,2026-02,0.91,0.03,2.62,0.25,7.53,0.0,672.0,2.0,60.21,8,0,0.99,0.96,0.91,51.29,104.33,2.62,0.73,8.07,7.53,7.0,3.0,8,0.0,0.0,0,100.0,12.5,98.87946428571428,73.63794642857142,73.32
TTR-0001,2026-03,0.99,0.44,36.78,1.0,0.76,0.0,744.0,9.0,6.81,9,0,0.96,0.91,0.99,104.33,2.62,36.78,8.07,7.53,0.76,3.0,8.0,9,0.0,0.0,0,100.0,11.11111111111111,99.8978494623656,73.3231182795699,79.97
TTR-0002,2024-03,1.0,0.29,216.5,0.09,0.33,0.0,744.0,0.09,0.33,1,1,0.99,1.0,1.0,120.5,192.5,216.5,0.33,0.67,0.33,2.0,1.0,1,2.0,1.0,1,100.0,100.0,99.95564516129032,99.99556451612904,100.0
TTR-0002,2024-04,0.99,0.25,0.0,0.0,0.0,0.0,720.0,0.0,0.0,0,0,1.0,1.0,0.99,192.5,216.5,0.0,0.67,0.33,0.0,1.0,1.0,0,1.0,1.0,0,100.0,100.0,100.0,100.0,85.0
TTR-0002,2024-05,0.99,0.34,125.5,0.13,0.33,0.0,744.0,0.25,0.67,2,2,1.0,0.99,0.99,216.5,0.0,125.5,0.33,0.0,0.33,1.0,0.0,2,1.0,0.0,2,100.0,50.0,99.95564516129032,84.99556451612904,100.0
TTR-0002,2024-06,1.0,0.37,269.5,0.2,0.32,0.0,720.0,0.2,0.32,1,0,0.99,0.99,1.0,0.0,125.5,269.5,0.0,0.33,0.32,0.0,2.0,1,0.0,2.0,0,100.0,100.0,99.95555555555555,99.99555555555555,84.99
TTR-0002,2024-07,1.0,0.33,124.5,0.04,0.42,0.0,744.0,0.08,0.83,2,2,0.99,1.0,1.0,125.5,269.5,124.5,0.33,0.32,0.42,2.0,1.0,2,2.0,0.0,2,100.0,50.0,99.94354838709677,84.99435483870968,79.99
TTR-0002,2024-08,0.99,0.36,88.67,0.4,0.67,0.0,744.0,1.2,2.0,3,3,1.0,1.0,0.99,269.5,124.5,88.67,0.32,0.42,0.67,1.0,2.0,3,0.0,2.0,3,100.0,33.333333333333336,99.90994623655915,79.99099462365592,85.0
TTR-0002,2024-09,0.99,0.39,139.5,0.1,0.29,0.0,720.0,0.19,0.58,2,2,1.0,0.99,0.99,124.5,88.67,139.5,0.42,0.67,0.29,2.0,3.0,2,2.0,3.0,2,100.0,50.0,99.95972222222223,84.99597222222222,100.0
TTR-0002,2024-10,0.99,0.38,283.5,0.08,0.2,0.0,744.0,0.08,0.2,1,1,0.99,0.99,0.99,88.67,139.5,283.5,0.67,0.29,0.2,3.0,2.0,1,3.0,2.0,1,100.0,100.0,99.97311827956989,99.99731182795699,77.5
TTR-0002,2024-11,0.99,0.4,72.5,0.1,0.29,0.0,720.0,0.41,1.17,4,4,0.99,0.99,0.99,139.5,283.5,72.5,0.29,0.2,0.29,2.0,1.0,4,2.0,1.0,4,100.0,25.0,99.95972222222223,77.49597222222222,85.0
TTR-0002,2024-12,0.99,0.4,148.5,0.18,0.33,0.0,744.0,0.36,0.67,2,2,0.99,0.99,0.99,283.5,72.5,148.5,0.2,0.29,0.33,1.0,4.0,2,1.0,4.0,2,100.0,50.0,99.95564516129032,84.99556451612904,99.99
TTR-0002,2025-01,0.99,0.47,348.0,0.17,0.5,0.0,744.0,0.17,0.5,1,1,0.99,0.99,0.99,72.5,148.5,348.0,0.29,0.33,0.5,4.0,2.0,1,4.0,2.0,1,100.0,100.0,99.93279569892472,99.99327956989248,84.98
TTR-0002,2025-02,0.98,0.61,203.75,0.58,1.5,0.0,672.0,1.17,3.0,2,2,0.99,0.99,0.98,148.5,348.0,203.75,0.33,0.5,1.5,2.0,1.0,2,2.0,1.0,2,100.0,50.0,99.77678571428571,84.97767857142857,75.98
TTR-0002,2025-03,0.99,0.55,81.3,0.43,1.27,0.0,744.0,2.14,6.33,5,5,0.99,0.98,0.99,348.0,203.75,81.3,0.5,1.5,1.27,1.0,2.0,5,1.0,2.0,5,100.0,20.0,99.82930107526882,75.98293010752688,100.0
TTR-0002,2025-04,0.99,0.48,0.0,0.0,0.0,0.0,720.0,0.0,0.0,0,0,0.98,0.99,0.99,203.75,81.3,0.0,1.5,1.27,0.0,2.0,5.0,0,2.0,5.0,0,100.0,100.0,100.0,100.0,84.99
TTR-0002,2025-05,0.99,0.52,194.75,0.13,0.38,0.0,744.0,0.25,0.75,2,2,0.99,0.99,0.99,81.3,0.0,194.75,1.27,0.0,0.38,5.0,0.0,2,5.0,0.0,2,100.0,50.0,99.9489247311828,84.99489247311828,99.99
TTR-0002,2025-06,0.99,0.5,356.5,0.22,0.67,0.0,720.0,0.22,0.67,1,1,0.99,0.99,0.99,0.0,194.75,356.5,0.0,0.38,0.67,0.0,2.0,1,0.0,2.0,1,100.0,100.0,99.90694444444445,99.99069444444444,79.99
TTR-0002,2025-07,1.0,0.52,129.83,0.19,0.56,0.0,744.0,0.56,1.67,3,3,0.99,0.99,1.0,194.75,356.5,129.83,0.38,0.67,0.56,2.0,1.0,3,2.0,1.0,3,100.0,33.333333333333336,99.9247311827957,79.99247311827958,84.99
TTR-0002,2025-08,0.99,0.67,249.0,0.15,0.46,0.0,744.0,0.31,0.92,2,2,0.99,1.0,0.99,356.5,129.83,249.0,0.67,0.56,0.46,1.0,3.0,2,1.0,3.0,2,100.0,50.0,99.93817204301075,84.99381720430108,76.0
TTR-0002,2025-09,0.99,0.71,102.0,0.11,0.32,0.0,720.0,0.53,1.58,5,5,1.0,0.99,0.99,129.83,249.0,102.0,0.56,0.46,0.32,3.0,2.0,5,3.0,2.0,5,100.0,20.0,99.95555555555555,75.99555555555555,74.21
TTR-0002,2025-10,0.94,0.59,62.5,1.77,5.32,0.0,744.0,12.42,37.25,7,7,0.99,0.99,0.94,249.0,102.0,62.5,0.46,0.32,5.32,2.0,5.0,7,2.0,5.0,7,100.0,14.285714285714286,99.28494623655914,74.2142089093702,99.98
TTR-0002,2025-11,0.95,0.43,309.5,0.62,1.67,0.0,720.0,0.62,1.67,1,1,0.99,0.94,0.95,102.0,62.5,309.5,0.32,5.32,1.67,5.0,7.0,1,5.0,7.0,1,100.0,100.0,99.76805555555556,99.97680555555556,77.48
TTR-0002,2025-12,0.99,0.45,83.5,1.0,1.31,0.0,744.0,4.0,5.24,4,0,0.94,0.95,0.99,62.5,309.5,83.5,5.32,1.67,1.31,7.0,1.0,4,7.0,1.0,0,100.0,25.0,99.8239247311828,77.48239247311828,74.97
TTR-0002,2026-01,0.98,0.41,50.67,0.0,2.29,0.0,744.0,0.0,13.74,6,0,0.95,0.99,0.98,309.5,83.5,50.67,1.67,1.31,2.29,1.0,4.0,6,1.0,0.0,0,100.0,16.666666666666668,99.69220430107526,74.96922043010753,75.99
TTR-0002,2026-02,0.99,0.57,76.2,0.4,0.97,0.0,672.0,2.0,4.87,5,0,0.99,0.98,0.99,83.5,50.67,76.2,1.31,2.29,0.97,4.0,6.0,5,0.0,0.0,0,100.0,20.0,99.85565476190476,75.98556547619047,73.32
TTR-0002,2026-03,0.98,0.51,42.22,1.0,1.17,0.0,744.0,9.0,10.5,9,0,0.98,0.99,0.98,50.67,76.2,42.22,2.29,0.97,1.17,6.0,5.0,9,0.0,0.0,0,100.0,11.11111111111111,99.84274193548387,73.31760752688172,79.99
TTR-0003,2024-03,0.99,0.38,286.0,0.0,0.17,0.0,744.0,0.0,0.17,1,1,1.0,0.99,0.99,0.0,0.0,286.0,0.0,0.0,0.17,0.0,0.0,1,0.0,0.0,1,100.0,100.0,99.9771505376344,99.99771505376344,100.0
TTR-0003,2024-04,1.0,0.3,0.0,0.0,0.0,0.0,720.0,0.0,0.0,0,0,0.99,0.99,1.0,0.0,286.0,0.0,0.0,0.17,0.0,0.0,1.0,0,0.0,1.0,0,100.0,100.0,100.0,100.0,100.0
TTR-0003,2024-05,1.0,0.35,0.0,0.0,0.0,0.0,744.0,0.0,0.0,0,0,0.99,1.0,1.0,286.0,0.0,0.0,0.17,0.0,0.0,1.0,0.0,0,1.0,0.0,0,100.0,100.0,100.0,100.0,99.99
TTR-0003,2024-06,0.99,0.36,259.5,0.08,0.42,0.0,720.0,0.08,0.42,1,0,1.0,1.0,0.99,0.0,0.0,259.5,0.0,0.0,0.42,0.0,0.0,1,0.0,0.0,0,100.0,100.0,99.94166666666666,99.99416666666667,77.5
TTR-0003,2024-07,0.99,0.41,75.88,0.1,0.37,0.0,744.0,0.38,1.47,4,4,1.0,0.99,0.99,0.0,259.5,75.88,0.0,0.42,0.37,0.0,1.0,4,0.0,0.0,4,100.0,25.0,99.9502688172043,77.49502688172043,80.0
TTR-0003,2024-08,0.99,0.41,101.67,0.11,0.36,0.0,744.0,0.33,1.08,3,3,0.99,0.99,0.99,259.5,75.88,101.67,0.42,0.37,0.36,1.0,4.0,3,0.0,4.0,3,100.0,33.333333333333336,99.95161290322581,79.99516129032259,100.0
TTR-0003,2024-09,1.0,0.33,234.5,0.09,0.27,0.0,720.0,0.09,0.27,1,1,0.99,0.99,1.0,75.88,101.67,234.5,0.37,0.36,0.27,4.0,3.0,1,4.0,3.0,1,100.0,100.0,99.9625,99.99625,100.0
TTR-0003,2024-10,1.0,0.4,0.0,0.0,0.0,0.0,744.0,0.06,0.0,0,0,0.99,1.0,1.0,101.67,234.5,0.0,0.36,0.27,0.0,3.0,1.0,0,3.0,1.0,0,100.0,100.0,100.0,100.0,99.99
TTR-0003,2024-11,0.99,0.52,371.5,9.14,0.42,0.0,720.0,9.14,0.42,1,1,1.0,1.0,0.99,234.5,0.0,371.5,0.27,0.0,0.42,1.0,0.0,1,1.0,0.0,1,100.0,100.0,99.94166666666666,99.99416666666667,100.0
TTR-0003,2024-12,0.99,0.4,297.0,0.11,0.33,0.0,744.0,0.11,0.33,1,1,1.0,0.99,0.99,0.0,371.5,297.0,0.0,0.42,0.33,0.0,1.0,1,0.0,1.0,1,100.0,100.0,99.95564516129032,99.99556451612904,85.0
TTR-0003,2025-01,0.99,0.48,178.75,0.11,0.33,0.0,744.0,0.22,0.67,2,2,0.99,0.99,0.99,371.5,297.0,178.75,0.42,0.33,0.33,1.0,1.0,2,1.0,1.0,2,100.0,50.0,99.95564516129032,84.99556451612904,100.0
TTR-0003,2025-02,0.99,0.61,0.0,0.0,0.0,0.0,672.0,0.0,0.0,0,0,0.99,0.99,0.99,297.0,178.75,0.0,0.33,0.33,0.0,1.0,2.0,0,1.0,2.0,0,100.0,100.0,100.0,100.0,99.99
TTR-0003,2025-03,0.99,0.56,414.0,0.28,0.83,0.0,744.0,0.28,0.83,1,1,0.99,0.99,0.99,178.75,0.0,414.0,0.33,0.0,0.83,2.0,0.0,1,2.0,0.0,1,100.0,100.0,99.88844086021506,99.9888440860215,85.0
TTR-0003,2025-04,0.99,0.42,152.5,0.11,0.33,0.0,720.0,0.22,0.67,2,2,0.99,0.99,0.99,0.0,414.0,152.5,0.0,0.83,0.33,0.0,1.0,2,0.0,1.0,2,100.0,50.0,99.95416666666667,84.99541666666667,100.0
TTR-0003,2025-05,0.99,0.48,0.0,0.0,0.0,0.0,744.0,0.0,0.0,0,0,0.99,0.99,0.99,414.0,152.5,0.0,0.83,0.33,0.0,1.0,2.0,0,1.0,2.0,0,100.0,100.0,100.0,100.0,79.99
TTR-0003,2025-06,0.99,0.52,123.67,0.12,0.66,0.0,720.0,0.37,1.97,3,3,0.99,0.99,0.99,152.5,0.0,123.67,0.33,0.0,0.66,2.0,0.0,3,2.0,0.0,3,100.0,33.333333333333336,99.90833333333333,79.99083333333334,85.0
TTR-0003,2025-07,0.99,0.53,198.0,0.1,0.3,0.0,744.0,0.2,0.6,2,2,0.99,0.99,0.99,0.0,123.67,198.0,0.0,0.66,0.3,0.0,3.0,2,0.0,3.0,2,100.0,50.0,99.95967741935485,84.99596774193549,99.99
TTR-0003,2025-08,0.99,0.58,431.5,0.33,1.0,0.0,744.0,0.33,1.0,1,1,0.99,0.99,0.99,123.67,198.0,431.5,0.66,0.3,1.0,3.0,2.0,1,3.0,2.0,1,100.0,100.0,99.86559139784946,99.98655913978494,73.73
TTR-0003,2025-09,0.98,0.69,61.69,0.4,1.21,0.0,720.0,3.22,9.67,8,8,0.99,0.99,0.98,198.0,431.5,61.69,0.3,1.0,1.21,2.0,1.0,8,2.0,1.0,8,100.0,12.5,99.83194444444445,73.73319444444445,72.72
TTR-0003,2025-10,0.99,0.67,45.41,0.15,0.44,0.0,744.0,1.61,4.83,11,11,0.99,0.98,0.99,431.5,61.69,45.41,1.0,1.21,0.44,1.0,8.0,11,1.0,8.0,11,100.0,9.090909090909092,99.94086021505376,72.7213587487781,77.48
TTR-0003,2025-11,0.99,0.55,99.12,0.44,1.13,0.0,720.0,1.75,4.5,4,4,0.98,0.99,0.99,61.69,45.41,99.12,1.21,0.44,1.13,8.0,11.0,4,8.0,11.0,4,100.0,25.0,99.84305555555557,77.48430555555555,75.99
TTR-0003,2025-12,0.99,0.48,71.0,1.0,0.55,0.0,744.0,5.0,2.73,5,0,0.99,0.99,0.99,45.41,99.12,71.0,0.44,1.13,0.55,11.0,4.0,5,11.0,4.0,0,100.0,20.0,99.9260752688172,75.99260752688173,74.28
TTR-0003,2026-01,0.99,0.38,40.14,0.0,0.75,0.0,744.0,0.0,5.27,7,0,0.99,0.99,0.99,99.12,71.0,40.14,1.13,0.55,0.75,4.0,5.0,7,4.0,0.0,0,100.0,14.285714285714286,99.8991935483871,74.275633640553,75.93
TTR-0003,2026-02,0.95,0.56,74.8,0.6,5.0,0.0,672.0,3.0,24.99,5,0,0.99,0.99,0.95,71.0,40.14,74.8,0.55,0.75,5.0,5.0,7.0,5,0.0,0.0,0,100.0,20.0,99.25595238095238,75.92559523809524,74.28
TTR-0003,2026-03,0.99,0.46,49.29,1.0,0.08,0.0,744.0,7.0,0.59,7,0,0.99,0.95,0.99,40.14,74.8,49.29,0.75,5.0,0.08,7.0,5.0,7,0.0,0.0,0,100.0,14.285714285714286,99.98924731182795,74.28463901689709,75.97
TTR-0004,2024-03,1.0,0.47,176.5,0.14,0.29,0.0,744.0,0.29,0.58,2,2,0.99,0.99,1.0,67.88,254.5,176.5,0.33,0.33,0.29,4.0,1.0,2,4.0,1.0,2,100.0,50.0,99.96102150537635,84.99610215053764,100.0
TTR-0004,2024-04,0.99,0.37,268.0,0.17,0.33,0.0,720.0,0.17,0.33,1,1,0.99,1.0,0.99,254.5,176.5,268.0,0.33,0.29,0.33,1.0,2.0,1,1.0,2.0,1,100.0,100.0,99.95416666666667,99.99541666666667,77.5
TTR-0004,2024-05,0.99,0.44,81.12,0.12,0.37,0.0,744.0,0.48,1.5,4,4,1.0,0.99,0.99,176.5,268.0,81.12,0.29,0.33,0.37,2.0,1.0,4,2.0,1.0,4,100.0,25.0,99.9502688172043,77.49502688172043,100.0
TTR-0004,2024-06,0.99,0.43,0.0,0.0,0.0,0.0,720.0,0.0,0.0,0,0,0.99,0.99,0.99,268.0,81.12,0.0,0.33,0.37,0.0,1.0,4.0,0,1.0,4.0,0,100.0,100.0,100.0,100.0,85.0
TTR-0004,2024-07,1.0,0.46,172.75,0.08,0.33,0.0,744.0,0.17,0.67,2,2,0.99,0.99,1.0,81.12,0.0,172.75,0.37,0.0,0.33,4.0,0.0,2,4.0,0.0,2,100.0,50.0,99.95564516129032,84.99556451612904,77.5
TTR-0004,2024-08,0.99,0.42,78.38,0.17,0.33,0.0,744.0,0.7,1.33,4,4,0.99,1.0,0.99,0.0,172.75,78.38,0.0,0.33,0.33,0.0,2.0,4,0.0,2.0,4,100.0,25.0,99.95564516129032,77.49556451612904,84.99
TTR-0004,2024-09,0.99,0.4,144.75,0.21,0.5,0.0,720.0,0.42,1.0,2,2,1.0,0.99,0.99,172.75,78.38,144.75,0.33,0.33,0.5,2.0,4.0,2,2.0,4.0,2,100.0,50.0,99.93055555555556,84.99305555555556,80.0
TTR-0004,2024-10,0.98,0.36,88.5,0.02,0.34,0.0,744.0,0.07,1.02,3,3,0.99,0.99,0.98,78.38,144.75,88.5,0.33,0.5,0.34,4.0,2.0,3,4.0,2.0,3,100.0,33.333333333333336,99.95430107526882,79.99543010752689,84.99
TTR-0004,2024-11,0.99,0.48,172.75,0.11,0.42,0.0,720.0,0.22,0.83,2,2,0.99,0.98,0.99,144.75,88.5,172.75,0.5,0.34,0.42,2.0,3.0,2,2.0,3.0,2,100.0,50.0,99.94166666666666,84.99416666666667,74.28
TTR-0004,2024-12,0.99,0.4,42.93,0.09,0.47,0.0,744.0,0.61,3.27,7,7,0.98,0.99,0.99,88.5,172.75,42.93,0.34,0.42,0.47,3.0,2.0,7,3.0,2.0,7,100.0,14.285714285714286,99.93682795698925,74.27939708141322,79.86
TTR-0004,2025-01,0.95,0.44,110.17,0.37,10.22,0.0,744.0,1.11,30.67,3,3,0.99,0.99,0.95,172.75,42.93,110.17,0.42,0.47,10.22,2.0,7.0,3,2.0,7.0,3,100.0,33.333333333333336,98.6263440860215,79.86263440860215,29.07
TTR-0004,2025-02,0.12,0.06,19.75,0.75,295.71,0.0,672.0,1.5,591.42,2,2,0.99,0.95,0.12,42.93,110.17,19.75,0.47,10.22,295.71,7.0,3.0,2,7.0,3.0,2,14.117647058823529,50.0,55.995535714285715,29.070141806722688,84.94
TTR-0004,2025-03,0.99,0.47,175.75,1.47,4.25,0.0,744.0,2.94,8.5,2,2,0.95,0.12,0.99,110.17,19.75,175.75,10.22,295.71,4.25,3.0,2.0,2,3.0,2.0,2,100.0,50.0,99.42876344086021,84.94287634408602,79.99
TTR-0004,2025-04,0.99,0.29,70.33,0.21,0.64,0.0,720.0,0.64,1.92,3,3,0.12,0.99,0.99,19.75,175.75,70.33,295.71,4.25,0.64,2.0,2.0,3,2.0,2.0,3,100.0,33.333333333333336,99.91111111111111,79.99111111111111,80.0
TTR-0004,2025-05,0.99,0.43,106.67,0.13,0.33,0.0,744.0,0.39,0.98,3,3,0.99,0.99,0.99,175.75,70.33,106.67,4.25,0.64,0.33,2.0,3.0,3,2.0,3.0,3,100.0,33.333333333333336,99.95564516129032,79.99556451612904,85.0
TTR-0004,2025-06,0.99,0.5,180.75,0.1,0.33,0.0,720.0,0.19,0.67,2,2,0.99,0.99,0.99,70.33,106.67,180.75,0.64,0.33,0.33,3.0,3.0,2,3.0,3.0,2,100.0,50.0,99.95416666666667,84.99541666666667,77.5
TTR-0004,2025-07,0.99,0.57,106.5,0.07,0.35,0.0,744.0,0.29,1.42,4,4,0.99,0.99,0.99,106.67,180.75,106.5,0.33,0.33,0.35,3.0,2.0,4,3.0,2.0,4,100.0,25.0,99.95295698924731,77.49529569892474,77.4
TTR-0004,2025-08,0.93,0.61,113.25,2.38,7.13,0.0,744.0,9.5,28.5,4,4,0.99,0.99,0.93,180.75,106.5,113.25,0.33,0.35,7.13,2.0,4.0,4,2.0,4.0,4,100.0,25.0,99.04166666666667,77.40416666666667,73.74
TTR-0004,2025-09,0.97,0.69,62.44,0.28,0.84,0.0,720.0,2.25,6.75,8,8,0.99,0.93,0.97,106.5,113.25,62.44,0.35,7.13,0.84,4.0,4.0,8,4.0,4.0,8,100.0,12.5,99.88333333333334,73.73833333333333,72.98
TTR-0004,2025-10,0.98,0.73,54.5,0.38,1.15,0.0,744.0,3.83,11.5,10,10,0.93,0.97,0.98,113.25,62.44,54.5,7.13,0.84,1.15,4.0,8.0,10,4.0,8.0,10,100.0,10.0,99.84543010752688,72.98454301075269,75.98
TTR-0004,2025-11,0.98,0.67,96.2,0.43,1.1,0.0,720.0,2.14,5.5,5,5,0.97,0.98,0.98,62.44,54.5,96.2,0.84,1.15,1.1,8.0,10.0,5,8.0,10.0,5,100.0,20.0,99.84722222222221,75.98472222222222,75.98
TTR-0004,2025-12,0.99,0.58,85.6,1.0,1.3,0.0,744.0,5.0,6.5,5,0,0.98,0.98,0.99,54.5,96.2,85.6,1.15,1.1,1.3,10.0,5.0,5,10.0,5.0,0,100.0,20.0,99.8252688172043,75.98252688172043,72.99
TTR-0004,2026-01,0.99,0.55,41.2,0.0,0.39,0.0,744.0,0.0,3.91,10,0,0.98,0.99,0.99,96.2,85.6,41.2,1.1,1.3,0.39,5.0,5.0,10,5.0,0.0,0,100.0,10.0,99.9475806451613,72.99475806451613,73.73
TTR-0004,2026-02,0.98,0.51,43.25,0.5,1.31,0.0,672.0,4.0,10.51,8,0,0.99,0.99,0.98,85.6,41.2,43.25,1.3,0.39,1.31,5.0,10.0,8,0.0,0.0,0,100.0,12.5,99.80505952380952,73.73050595238095,77.46
TTR-0004,2026-03,0.95,0.51,95.5,1.0,3.08,0.0,744.0,4.0,12.3,4,0,0.99,0.98,0.95,41.2,43.25,95.5,0.39,1.31,3.08,10.0,8.0,4,0.0,0.0,0,100.0,25.0,99.58602150537634,77.45860215053763,74.24
TTR-0005,2024-03,0.99,0.49,180.5,0.04,0.33,0.0,744.0,0.08,0.67,2,2,0.99,0.99,0.99,62.6,0.0,180.5,0.47,0.0,0.33,5.0,0.0,2,5.0,0.0,2,100.0,50.0,99.95564516129032,84.99556451612904,100.0
TTR-0005,2024-04,0.99,0.35,254.1,0.11,0.33,0.0,720.0,0.11,0.33,1,1,0.99,0.99,0.99,0.0,180.5,254.1,0.0,0.33,0.33,0.0,2.0,1,0.0,2.0,1,100.0,100.0,99.95416666666667,99.99541666666667,99.99
TTR-0005,2024-05,0.99,0.43,320.5,0.17,0.5,0.0,744.0,0.17,0.5,1,1,0.99,0.99,0.99,180.5,254.1,320.5,0.33,0.33,0.5,2.0,1.0,1,2.0,1.0,1,100.0,100.0,99.93279569892472,99.99327956989248,84.99
TTR-0005,2024-06,0.99,0.37,132.75,0.13,0.38,0.0,720.0,0.26,0.75,2,0,0.99,0.99,0.99,254.1,320.5,132.75,0.33,0.5,0.38,1.0,1.0,2,1.0,1.0,0,100.0,50.0,99.94722222222222,84.99472222222222,100.0
TTR-0005,2024-07,0.99,0.44,331.0,0.11,0.33,0.0,744.0,0.11,0.33,1,1,0.99,0.99,0.99,320.5,132.75,331.0,0.5,0.38,0.33,1.0,2.0,1,1.0,0.0,1,100.0,100.0,99.95564516129032,99.99556451612904,79.99
TTR-0005,2024-08,0.99,0.41,100.5,0.11,0.44,0.0,744.0,0.33,1.33,3,3,0.99,0.99,0.99,132.75,331.0,100.5,0.38,0.33,0.44,2.0,1.0,3,0.0,1.0,3,100.0,33.333333333333336,99.94086021505376,79.99408602150538,77.49
TTR-0005,2024-09,0.99,0.44,79.88,0.06,0.38,0.0,720.0,0.24,1.5,4,4,0.99,0.99,0.99,331.0,100.5,79.88,0.33,0.44,0.38,1.0,3.0,4,1.0,3.0,4,100.0,25.0,99.94722222222222,77.49472222222222,76.0
TTR-0005,2024-10,0.99,0.43,64.7,0.09,0.32,0.0,744.0,0.47,1.58,5,5,0.99,0.99,0.99,100.5,79.88,64.7,0.44,0.38,0.32,3.0,4.0,5,3.0,4.0,5,100.0,20.0,99.95698924731182,75.99569892473119,84.99
TTR-0005,2024-11,0.99,0.49,175.0,0.06,0.42,0.0,720.0,0.11,0.83,2,2,0.99,0.99,0.99,79.88,64.7,175.0,0.38,0.32,0.42,4.0,5.0,2,4.0,5.0,2,100.0,50.0,99.94166666666666,84.99416666666667,77.5
TTR-0005,2024-12,0.99,0.46,85.25,0.14,0.35,0.0,744.0,0.55,1.42,4,4,0.99,0.99,0.99,64.7,175.0,85.25,0.32,0.42,0.35,5.0,2.0,4,5.0,2.0,4,100.0,25.0,99.95295698924731,77.49529569892474,100.0
TTR-0005,2025-01,0.99,0.39,289.5,0.11,0.33,0.0,744.0,0.11,0.33,1,1,0.99,0.99,0.99,175.0,85.25,289.5,0.42,0.35,0.33,2.0,4.0,1,2.0,4.0,1,100.0,100.0,99.95564516129032,99.99556451612904,75.99
TTR-0005,2025-02,0.99,0.62,83.9,0.13,0.5,0.0,672.0,0.67,2.5,5,5,0.99,0.99,0.99,85.25,289.5,83.9,0.35,0.33,0.5,4.0,1.0,5,4.0,1.0,5,100.0,20.0,99.92559523809523,75.99255952380952,100.0
TTR-0005,2025-03,0.99,0.6,0.0,0.0,0.0,0.0,744.0,0.06,0.0,0,0,0.99,0.99,0.99,289.5,83.9,0.0,0.33,0.5,0.0,1.0,5.0,0,1.0,5.0,0,100.0,100.0,100.0,100.0,76.0
TTR-0005,2025-04,0.99,0.52,75.4,0.11,0.32,0.0,720.0,0.56,1.58,5,5,0.99,0.99,0.99,83.9,0.0,75.4,0.5,0.0,0.32,5.0,0.0,5,5.0,0.0,5,100.0,20.0,99.95555555555555,75.99555555555555,75.99
TTR-0005,2025-05,0.99,0.51,76.3,0.19,0.52,0.0,744.0,0.97,2.58,5,5,0.99,0.99,0.99,0.0,75.4,76.3,0.0,0.32,0.52,0.0,5.0,5,0.0,5.0,5,100.0,20.0,99.93010752688171,75.99301075268818,100.0
TTR-0005,2025-06,0.99,0.52,376.5,0.23,0.33,0.0,720.0,0.23,0.33,1,1,0.99,0.99,0.99,75.4,76.3,376.5,0.32,0.52,0.33,5.0,5.0,1,5.0,5.0,1,100.0,100.0,99.95416666666667,99.99541666666667,77.18
TTR-0005,2025-07,0.86,0.47,88.25,8.74,24.18,0.0,744.0,34.94,96.73,4,4,0.99,0.99,0.86,76.3,376.5,88.25,0.52,0.33,24.18,5.0,1.0,4,5.0,1.0,4,100.0,25.0,96.75,77.175,73.72
TTR-0005,2025-08,0.95,0.57,53.25,0.38,1.92,0.0,744.0,3.03,15.33,8,8,0.99,0.86,0.95,376.5,88.25,53.25,0.33,24.18,1.92,1.0,4.0,8,1.0,4.0,8,100.0,12.5,99.74193548387098,73.72419354838709,75.99
TTR-0005,2025-09,0.98,0.64,92.6,0.28,0.85,0.0,720.0,1.42,4.25,5,5,0.86,0.95,0.98,88.25,53.25,92.6,24.18,1.92,0.85,4.0,8.0,5,4.0,8.0,5,100.0,20.0,99.88194444444444,75.98819444444445,77.47
TTR-0005,2025-10,0.98,0.64,118.12,0.78,2.52,0.0,744.0,3.14,10.08,4,4,0.95,0.98,0.98,53.25,92.6,118.12,1.92,0.85,2.52,8.0,5.0,4,8.0,5.0,4,100.0,25.0,99.66129032258064,77.46612903225807,75.98
TTR-0005,2025-11,0.98,0.47,67.5,0.61,1.6,0.0,720.0,3.04,8.02,5,5,0.98,0.98,0.98,92.6,118.12,67.5,0.85,2.52,1.6,5.0,4.0,5,5.0,4.0,5,100.0,20.0,99.77777777777777,75.97777777777777,73.32
TTR-0005,2025-12,0.94,0.47,38.56,1.0,1.12,0.0,744.0,9.0,10.08,9,0,0.98,0.98,0.94,118.12,67.5,38.56,2.52,1.6,1.12,4.0,5.0,9,4.0,5.0,0,100.0,11.11111111111111,99.8494623655914,73.31827956989248,73.71
TTR-0005,2026-01,0.97,0.36,33.62,0.0,2.89,0.0,744.0,0.0,23.08,8,0,0.98,0.94,0.97,67.5,38.56,33.62,1.6,1.12,2.89,5.0,9.0,8,5.0,0.0,0,100.0,12.5,99.61155913978494,73.7111559139785,73.74
TTR-0005,2026-02,0.98,0.62,52.38,0.25,1.0,0.0,672.0,2.0,7.99,8,0,0.94,0.97,0.98,38.56,33.62,52.38,1.12,2.89,1.0,9.0,8.0,8,0.0,0.0,0,100.0,12.5,99.85119047619048,73.73511904761905,73.58
TTR-0005,2026-03,0.86,0.38,35.38,1.0,12.9,0.0,744.0,8.0,103.22,8,0,0.97,0.98,0.86,33.62,52.38,35.38,2.89,1.0,12.9,8.0,8.0,8,0.0,0.0,0,100.0,12.5,98.26612903225806,73.57661290322581,72.69
TTR-0006,2024-03,0.99,0.47,115.83,0.11,0.31,0.0,744.0,0.34,0.92,3,3,1.0,1.0,0.99,0.0,0.0,115.83,0.0,0.0,0.31,0.0,0.0,3,0.0,0.0,3,100.0,33.333333333333336,99.95833333333334,79.99583333333334,100.0
TTR-0006,2024-04,0.98,0.37,265.0,0.11,0.33,0.0,720.0,0.11,0.33,1,1,1.0,0.99,0.98,0.0,115.83,265.0,0.0,0.31,0.33,0.0,3.0,1,0.0,3.0,1,100.0,100.0,99.95416666666667,99.99541666666667,85.0
TTR-0006,2024-05,0.99,0.46,170.75,0.09,0.33,0.0,744.0,0.17,0.67,2,2,0.99,0.98,0.99,115.83,265.0,170.75,0.31,0.33,0.33,3.0,1.0,2,3.0,1.0,2,100.0,50.0,99.95564516129032,84.99556451612904,85.0
TTR-0006,2024-06,0.99,0.41,149.25,0.08,0.33,0.0,720.0,0.17,0.67,2,0,0.98,0.99,0.99,265.0,170.75,149.25,0.33,0.33,0.33,1.0,2.0,2,1.0,2.0,0,100.0,50.0,99.95416666666667,84.99541666666667,75.0
TTR-0006,2024-07,0.99,0.45,56.33,0.15,0.32,0.0,744.0,0.88,1.92,6,6,0.99,0.99,0.99,170.75,149.25,56.33,0.33,0.33,0.32,2.0,2.0,6,2.0,0.0,6,100.0,16.666666666666668,99.95698924731182,74.99569892473119,80.0
TTR-0006,2024-08,1.0,0.44,110.33,0.08,0.29,0.0,744.0,0.23,0.87,3,3,0.99,0.99,1.0,149.25,56.33,110.33,0.33,0.32,0.29,2.0,6.0,3,0.0,6.0,3,100.0,33.333333333333336,99.96102150537635,79.99610215053764,100.0
TTR-0006,2024-09,0.99,0.47,0.0,0.0,0.0,0.0,720.0,0.0,0.0,0,0,0.99,1.0,0.99,56.33,110.33,0.0,0.32,0.29,0.0,6.0,3.0,0,6.0,3.0,0,100.0,100.0,100.0,100.0,100.0
TTR-0006,2024-10,1.0,0.42,0.0,0.0,0.0,0.0,744.0,0.0,0.0,0,0,1.0,0.99,1.0,110.33,0.0,0.0,0.29,0.0,0.0,3.0,0.0,0,3.0,0.0,0,100.0,100.0,100.0,100.0,74.99
TTR-0006,2024-11,0.99,0.48,57.92,0.12,0.44,0.0,720.0,0.75,2.65,6,6,0.99,1.0,0.99,0.0,0.0,57.92,0.0,0.0,0.44,0.0,0.0,6,0.0,0.0,6,100.0,16.666666666666668,99.93888888888888,74.99388888888889,79.99
TTR-0006,2024-12,0.99,0.46,114.5,0.26,0.78,0.0,744.0,0.78,2.33,3,3,1.0,0.99,0.99,0.0,57.92,114.5,0.0,0.44,0.78,0.0,6.0,3,0.0,6.0,3,100.0,33.333333333333336,99.89516129032258,79.98951612903225,85.0
TTR-0006,2025-01,1.0,0.5,187.75,0.11,0.33,0.0,744.0,0.22,0.67,2,2,0.99,0.99,1.0,57.92,114.5,187.75,0.44,0.78,0.33,6.0,3.0,2,6.0,3.0,2,100.0,50.0,99.95564516129032,84.99556451612904,77.49
TTR-0006,2025-02,0.99,0.62,104.25,0.09,0.35,0.0,672.0,0.36,1.42,4,4,0.99,1.0,0.99,114.5,187.75,104.25,0.78,0.33,0.35,3.0,2.0,4,3.0,2.0,4,100.0,25.0,99.94791666666667,77.49479166666667,77.49
TTR-0006,2025-03,0.98,0.54,100.25,0.12,0.5,0.0,744.0,0.46,2.0,4,4,1.0,0.99,0.98,187.75,104.25,100.25,0.33,0.35,0.5,2.0,4.0,4,2.0,4.0,4,100.0,25.0,99.93279569892472,77.49327956989248,84.99
TTR-0006,2025-04,0.99,0.53,191.0,0.14,0.42,0.0,720.0,0.28,0.83,2,2,0.99,0.98,0.99,104.25,100.25,191.0,0.35,0.5,0.42,4.0,4.0,2,4.0,4.0,2,100.0,50.0,99.94166666666666,84.99416666666667,100.0
TTR-0006,2025-05,1.0,0.52,389.0,0.11,0.33,0.0,744.0,0.11,0.33,1,1,0.98,0.99,1.0,100.25,191.0,389.0,0.5,0.42,0.33,4.0,2.0,1,4.0,2.0,1,100.0,100.0,99.95564516129032,99.99556451612904,79.89
TTR-0006,2025-06,0.96,0.47,111.83,1.78,8.16,0.0,720.0,5.34,24.48,3,3,0.99,1.0,0.96,191.0,389.0,111.83,0.42,0.33,8.16,2.0,1.0,3,2.0,1.0,3,100.0,33.333333333333336,98.86666666666667,79.88666666666667,79.94
TTR-0006,2025-07,0.97,0.51,127.5,1.6,4.82,0.0,744.0,4.81,14.47,3,3,1.0,0.96,0.97,389.0,111.83,127.5,0.33,8.16,4.82,1.0,3.0,3,1.0,3.0,3,100.0,33.333333333333336,99.35215053763442,79.93521505376344,77.5
TTR-0006,2025-08,0.99,0.62,115.88,0.15,0.29,0.0,744.0,0.61,1.17,4,4,0.96,0.97,0.99,111.83,127.5,115.88,8.16,4.82,0.29,3.0,3.0,4,3.0,3.0,4,100.0,25.0,99.96102150537635,77.49610215053764,74.99
TTR-0006,2025-09,0.99,0.68,81.25,0.19,0.56,0.0,720.0,1.11,3.33,6,6,0.97,0.99,0.99,127.5,115.88,81.25,4.82,0.29,0.56,3.0,4.0,6,3.0,4.0,6,100.0,16.666666666666668,99.92222222222222,74.99222222222222,79.87
TTR-0006,2025-10,0.95,0.64,157.67,3.11,9.33,0.0,744.0,9.33,28.0,3,3,0.99,0.99,0.95,115.88,81.25,157.67,0.29,0.56,9.33,4.0,6.0,3,4.0,6.0,3,100.0,33.333333333333336,98.74596774193549,79.87459677419355,79.98
TTR-0006,2025-11,0.99,0.56,133.83,0.58,1.61,0.0,720.0,1.73,4.83,3,3,0.99,0.95,0.99,81.25,157.67,133.83,0.56,9.33,1.61,6.0,3.0,3,6.0,3.0,3,100.0,33.333333333333336,99.77638888888889,79.97763888888889,73.32
TTR-0006,2025-12,0.99,0.49,40.56,1.0,0.62,0.0,744.0,9.0,5.6,9,0,0.95,0.99,0.99,157.67,133.83,40.56,9.33,1.61,0.62,3.0,3.0,9,3.0,3.0,0,100.0,11.11111111111111,99.91666666666667,73.325,84.97
TTR-0006,2026-01,0.99,0.49,183.5,0.0,2.3,0.0,744.0,0.0,4.6,2,0,0.99,0.99,0.99,133.83,40.56,183.5,1.61,0.62,2.3,3.0,9.0,2,3.0,0.0,0,100.0,50.0,99.69086021505376,84.96908602150538,72.71
TTR-0006,2026-02,0.97,0.4,24.27,0.27,1.3,0.0,672.0,3.0,14.31,11,0,0.99,0.99,0.97,40.56,183.5,24.27,0.62,2.3,1.3,9.0,2.0,11,0.0,0.0,0,100.0,9.090909090909092,99.80654761904762,72.7079274891775,99.99
TTR-0006,2026-03,1.0,0.54,402.0,1.0,0.48,0.0,744.0,1.0,0.48,1,0,0.99,0.97,1.0,183.5,24.27,402.0,2.3,1.3,0.48,2.0,11.0,1,0.0,0.0,0,100.0,100.0,99.93548387096774,99.99354838709678,72.3
TTR-0007,2024-03,0.99,0.48,359.0,0.09,0.33,0.0,744.0,0.09,0.33,1,1,1.0,0.99,0.99,0.0,128.75,359.0,0.0,0.38,0.33,0.0,2.0,1,0.0,2.0,1,100.0,100.0,99.95564516129032,99.99556451612904,77.49
TTR-0007,2024-04,0.99,0.35,63.77,0.16,0.39,0.0,720.0,0.64,1.57,4,4,0.99,0.99,0.99,128.75,359.0,63.77,0.38,0.33,0.39,2.0,1.0,4,2.0,1.0,4,100.0,25.0,99.94583333333334,77.49458333333334,84.99
TTR-0007,2024-05,0.99,0.48,178.25,0.06,0.4,0.0,744.0,0.11,0.8,2,2,0.99,0.99,0.99,359.0,63.77,178.25,0.33,0.39,0.4,1.0,4.0,2,1.0,4.0,2,100.0,50.0,99.94623655913979,84.99462365591398,100.0
TTR-0007,2024-06,0.99,0.49,0.0,0.0,0.0,0.0,720.0,0.0,0.0,0,0,0.99,0.99,0.99,63.77,178.25,0.0,0.39,0.4,0.0,4.0,2.0,0,4.0,2.0,0,100.0,100.0,100.0,100.0,100.0
TTR-0007,2024-07,0.99,0.47,0.0,0.0,0.0,0.0,744.0,0.0,0.0,0,0,0.99,0.99,0.99,178.25,0.0,0.0,0.4,0.0,0.0,2.0,0.0,0,2.0,0.0,0,100.0,100.0,100.0,100.0,99.99
TTR-0007,2024-08,0.99,0.43,320.5,0.14,0.42,0.0,744.0,0.14,0.42,1,1,0.99,0.99,0.99,0.0,0.0,320.5,0.0,0.0,0.42,0.0,0.0,1,0.0,0.0,1,100.0,100.0,99.94354838709677,99.99435483870968,85.0
TTR-0007,2024-09,1.0,0.44,159.0,0.11,0.24,0.0,720.0,0.22,0.48,2,2,0.99,0.99,1.0,0.0,320.5,159.0,0.0,0.42,0.24,0.0,1.0,2,0.0,1.0,2,100.0,50.0,99.96666666666667,84.99666666666667,85.0
TTR-0007,2024-10,1.0,0.44,162.25,0.07,0.21,0.0,744.0,0.14,0.42,2,2,0.99,1.0,1.0,320.5,159.0,162.25,0.42,0.24,0.21,1.0,2.0,2,1.0,2.0,2,100.0,50.0,99.97177419354838,84.99717741935484,84.99
TTR-0007,2024-11,0.99,0.47,170.25,0.15,0.38,0.0,720.0,0.3,0.75,2,2,1.0,1.0,0.99,159.0,162.25,170.25,0.24,0.21,0.38,2.0,2.0,2,2.0,2.0,2,100.0,50.0,99.94722222222222,84.99472222222222,84.99
TTR-0007,2024-12,0.99,0.45,169.0,0.17,0.5,0.0,744.0,0.33,1.0,2,2,1.0,0.99,0.99,162.25,170.25,169.0,0.21,0.38,0.5,2.0,2.0,2,2.0,2.0,2,100.0,50.0,99.93279569892472,84.99327956989248,99.99
TTR-0007,2025-01,0.99,0.49,366.0,0.19,0.58,0.0,744.0,0.19,0.58,1,1,0.99,0.99,0.99,170.25,169.0,366.0,0.38,0.5,0.58,2.0,2.0,1,2.0,2.0,1,100.0,100.0,99.92204301075269,99.99220430107528,84.99
TTR-0007,2025-02,0.98,0.62,207.25,0.17,0.42,0.0,672.0,0.33,0.83,2,2,0.99,0.99,0.98,169.0,366.0,207.25,0.5,0.58,0.42,2.0,1.0,2,2.0,1.0,2,100.0,50.0,99.9375,84.99375,100.0
TTR-0007,2025-03,0.99,0.52,0.0,0.0,0.0,0.0,744.0,0.0,0.0,0,0,0.99,0.98,0.99,366.0,207.25,0.0,0.58,0.42,0.0,1.0,2.0,0,1.0,2.0,0,100.0,100.0,100.0,100.0,100.0
TTR-0007,2025-04,0.99,0.45,0.0,0.0,0.0,0.0,720.0,0.0,0.0,0,0,0.98,0.99,0.99,207.25,0.0,0.0,0.42,0.0,0.0,2.0,0.0,0,2.0,0.0,0,100.0,100.0,100.0,100.0,77.49
TTR-0007,2025-05,0.98,0.54,100.88,0.14,0.43,0.0,744.0,0.58,1.73,4,4,0.99,0.99,0.98,0.0,0.0,100.88,0.0,0.0,0.43,0.0,0.0,4,0.0,0.0,4,100.0,25.0,99.94220430107526,77.49422043010753,79.99
TTR-0007,2025-06,0.99,0.48,116.17,0.21,0.61,0.0,720.0,0.63,1.83,3,3,0.99,0.98,0.99,0.0,100.88,116.17,0.0,0.43,0.61,0.0,4.0,3,0.0,4.0,3,100.0,33.333333333333336,99.91527777777777,79.99152777777778,79.88
TTR-0007,2025-07,0.96,0.55,136.5,3.3,8.89,0.0,744.0,9.91,26.68,3,3,0.98,0.99,0.96,100.88,116.17,136.5,0.43,0.61,8.89,4.0,3.0,3,4.0,3.0,3,100.0,33.333333333333336,98.80510752688171,79.88051075268817,77.5
TTR-0007,2025-08,0.99,0.61,113.38,0.11,0.33,0.0,744.0,0.44,1.33,4,4,0.99,0.96,0.99,116.17,136.5,113.38,0.61,8.89,0.33,3.0,3.0,4,3.0,3.0,4,100.0,25.0,99.95564516129032,77.49556451612904,73.33
TTR-0007,2025-09,0.99,0.7,56.11,0.09,0.28,0.0,720.0,0.85,2.55,9,9,0.96,0.99,0.99,136.5,113.38,56.11,8.89,0.33,0.28,3.0,4.0,9,3.0,4.0,9,100.0,11.11111111111111,99.96111111111111,73.32944444444445,75.99
TTR-0007,2025-10,0.99,0.69,103.1,0.17,0.5,0.0,744.0,0.87,2.52,5,5,0.99,0.99,0.99,113.38,56.11,103.1,0.33,0.28,0.5,4.0,9.0,5,4.0,9.0,5,100.0,20.0,99.93279569892472,75.99327956989248,74.91
TTR-0007,2025-11,0.93,0.5,60.42,0.98,6.78,0.0,720.0,5.89,40.67,6,6,0.99,0.99,0.93,56.11,103.1,60.42,0.28,0.5,6.78,9.0,5.0,6,9.0,5.0,6,100.0,16.666666666666668,99.05833333333334,74.90583333333333,79.96
TTR-0007,2025-12,0.98,0.54,133.0,1.0,3.2,0.0,744.0,3.0,9.61,3,0,0.99,0.93,0.98,103.1,60.42,133.0,0.5,6.78,3.2,5.0,6.0,3,5.0,6.0,0,100.0,33.333333333333336,99.56989247311829,79.95698924731182,75.98
TTR-0007,2026-01,0.98,0.51,75.2,0.0,1.67,0.0,744.0,0.0,8.33,5,0,0.93,0.98,0.98,60.42,133.0,75.2,6.78,3.2,1.67,6.0,3.0,5,6.0,0.0,0,100.0,20.0,99.77553763440861,75.97755376344087,73.71
TTR-0007,2026-02,0.96,0.62,51.75,0.38,2.51,0.0,672.0,3.0,20.11,8,0,0.98,0.98,0.96,133.0,75.2,51.75,3.2,1.67,2.51,3.0,5.0,8,0.0,0.0,0,100.0,12.5,99.6264880952381,73.71264880952381,72.13
TTR-0007,2026-03,0.97,0.49,25.86,1.0,0.59,0.0,744.0,14.0,8.27,14,0,0.98,0.96,0.97,75.2,51.75,25.86,1.67,2.51,0.59,5.0,8.0,14,0.0,0.0,0,100.0,7.142857142857143,99.92069892473118,72.13492703533026,75.99
TTR-0008,2024-03,1.0,0.46,0.0,0.0,0.0,0.0,744.0,0.0,0.0,0,0,0.99,0.99,1.0,0.0,252.0,0.0,0.0,0.33,0.0,0.0,1.0,0,0.0,1.0,0,100.0,100.0,100.0,100.0,80.0
TTR-0008,2024-04,0.99,0.36,85.67,0.04,0.36,0.0,720.0,0.11,1.08,3,3,0.99,1.0,0.99,252.0,0.0,85.67,0.33,0.0,0.36,1.0,0.0,3,1.0,0.0,3,100.0,33.333333333333336,99.95,79.995,100.0
TTR-0008,2024-05,1.0,0.33,0.0,0.0,0.0,0.0,744.0,0.0,0.0,0,0,1.0,0.99,1.0,0.0,85.67,0.0,0.0,0.36,0.0,0.0,3.0,0,0.0,3.0,0,100.0,100.0,100.0,100.0,100.0
TTR-0008,2024-06,0.99,0.46,332.0,0.06,0.17,0.0,720.0,0.06,0.17,1,0,0.99,1.0,0.99,85.67,0.0,332.0,0.36,0.0,0.17,3.0,0.0,1,3.0,0.0,0,100.0,100.0,99.97638888888889,99.99763888888889,100.0
TTR-0008,2024-07,0.99,0.41,0.0,0.0,0.0,0.0,744.0,0.0,0.0,0,0,1.0,0.99,0.99,0.0,332.0,0.0,0.0,0.17,0.0,0.0,1.0,0,0.0,0.0,0,100.0,100.0,100.0,100.0,100.0
TTR-0008,2024-08,0.99,0.45,0.0,0.0,0.0,0.0,744.0,0.0,0.0,0,0,0.99,0.99,0.99,332.0,0.0,0.0,0.17,0.0,0.0,1.0,0.0,0,0.0,0.0,0,100.0,100.0,100.0,100.0,100.0
TTR-0008,2024-09,1.0,0.35,251.0,0.09,0.28,0.0,720.0,0.09,0.28,1,1,0.99,0.99,1.0,0.0,0.0,251.0,0.0,0.0,0.28,0.0,0.0,1,0.0,0.0,1,100.0,100.0,99.96111111111111,99.9961111111111,80.0
TTR-0008,2024-10,0.99,0.42,103.33,0.08,0.28,0.0,744.0,0.23,0.85,3,3,0.99,1.0,0.99,0.0,251.0,103.33,0.0,0.28,0.28,0.0,1.0,3,0.0,1.0,3,100.0,33.333333333333336,99.96236559139786,79.99623655913979,100.0
TTR-0008,2024-11,0.99,0.47,0.0,0.0,0.0,0.0,720.0,0.03,0.0,0,0,1.0,0.99,0.99,251.0,103.33,0.0,0.28,0.28,0.0,1.0,3.0,0,1.0,3.0,0,100.0,100.0,100.0,100.0,99.99
TTR-0008,2024-12,0.99,0.43,316.5,0.47,0.42,0.0,744.0,0.47,0.42,1,1,0.99,0.99,0.99,103.33,0.0,316.5,0.28,0.0,0.42,3.0,0.0,1,3.0,0.0,1,100.0,100.0,99.94354838709677,99.99435483870968,100.0
TTR-0008,2025-01,0.99,0.48,360.0,0.19,0.33,0.0,744.0,0.19,0.33,1,1,0.99,0.99,0.99,0.0,316.5,360.0,0.0,0.42,0.33,0.0,1.0,1,0.0,1.0,1,100.0,100.0,99.95564516129032,99.99556451612904,100.0
TTR-0008,2025-02,0.99,0.53,356.5,0.11,0.33,0.0,672.0,0.11,0.33,1,1,0.99,0.99,0.99,316.5,360.0,356.5,0.42,0.33,0.33,1.0,1.0,1,1.0,1.0,1,100.0,100.0,99.95089285714286,99.99508928571429,100.0
TTR-0008,2025-03,1.0,0.52,0.0,0.0,0.0,0.0,744.0,0.17,0.0,0,0,0.99,0.99,1.0,360.0,356.5,0.0,0.33,0.33,0.0,1.0,1.0,0,1.0,1.0,0,100.0,100.0,100.0,100.0,85.0
TTR-0008,2025-04,1.0,0.38,137.75,0.15,0.25,0.0,720.0,0.31,0.5,2,2,0.99,1.0,1.0,356.5,0.0,137.75,0.33,0.0,0.25,1.0,0.0,2,1.0,0.0,2,100.0,50.0,99.96527777777777,84.99652777777777,74.99
TTR-0008,2025-05,0.99,0.51,63.25,0.06,0.41,0.0,744.0,0.37,2.43,6,6,1.0,1.0,0.99,0.0,137.75,63.25,0.0,0.25,0.41,0.0,2.0,6,0.0,2.0,6,100.0,16.666666666666668,99.94489247311827,74.99448924731183,84.73
TTR-0008,2025-06,0.86,0.41,149.25,0.28,19.67,0.0,720.0,0.56,39.33,2,2,1.0,0.99,0.86,137.75,63.25,149.25,0.25,0.41,19.67,2.0,6.0,2,2.0,6.0,2,100.0,50.0,97.26805555555555,84.72680555555556,100.0
TTR-0008,2025-07,0.99,0.55,0.0,0.0,0.0,0.0,744.0,0.0,0.0,0,0,0.99,0.86,0.99,63.25,149.25,0.0,0.41,19.67,0.0,6.0,2.0,0,6.0,2.0,0,100.0,100.0,100.0,100.0,100.0
TTR-0008,2025-08,0.99,0.6,0.0,0.0,0.0,0.0,744.0,0.08,0.0,0,0,0.86,0.99,0.99,149.25,0.0,0.0,19.67,0.0,0.0,2.0,0.0,0,2.0,0.0,0,100.0,100.0,100.0,100.0,76.0
TTR-0008,2025-09,0.99,0.75,108.4,0.12,0.35,0.0,720.0,0.58,1.75,5,5,0.99,0.99,0.99,0.0,0.0,108.4,0.0,0.0,0.35,0.0,0.0,5,0.0,0.0,5,100.0,20.0,99.95138888888889,75.99513888888889,75.99
TTR-0008,2025-10,0.99,0.66,98.6,0.3,0.9,0.0,744.0,1.5,4.5,5,5,0.99,0.99,0.99,0.0,108.4,98.6,0.0,0.35,0.9,0.0,5.0,5,0.0,5.0,5,100.0,20.0,99.87903225806451,75.98790322580645,77.46
TTR-0008,2025-11,0.98,0.55,99.38,1.08,3.1,0.0,720.0,4.33,12.42,4,4,0.99,0.99,0.98,108.4,98.6,99.38,0.35,0.9,3.1,5.0,5.0,4,5.0,5.0,4,100.0,25.0,99.56944444444444,77.45694444444445,74.27
TTR-0008,2025-12,0.98,0.47,50.29,1.0,1.3,0.0,744.0,7.0,9.07,7,0,0.99,0.98,0.98,98.6,99.38,50.29,0.9,3.1,1.3,5.0,4.0,7,5.0,4.0,0,100.0,14.285714285714286,99.8252688172043,74.26824116743472,36.65
TTR-0008,2026-01,0.22,0.08,28.0,0.0,288.5,0.0,744.0,0.0,577.0,2,0,0.98,0.98,0.22,99.38,50.29,28.0,3.1,1.3,288.5,4.0,7.0,2,4.0,0.0,0,25.882352941176475,50.0,61.2231182795699,36.651723592662876,20.0
TTR-0008,2026-02,0.0,0.0,0.0,0.5,336.0,0.0,672.0,1.0,672.0,2,0,0.98,0.22,0.0,50.29,28.0,0.0,1.3,288.5,336.0,7.0,2.0,2,0.0,0.0,0,0.0,50.0,50.0,20.0,30.0
TTR-0008,2026-03,0.0,0.0,0.0,1.0,744.0,0.0,744.0,1.0,744.0,1,0,0.22,0.0,0.0,28.0,0.0,0.0,288.5,336.0,744.0,2.0,2.0,1,0.0,0.0,0,0.0,100.0,0.0,30.0,39.58
TTR-0009,2024-03,1.0,0.39,0.0,0.0,0.0,0.0,744.0,0.0,0.0,0,0,0.23,0.99,1.0,12.0,0.0,0.0,284.67,0.0,0.0,2.0,0.0,0,2.0,0.0,0,100.0,100.0,100.0,100.0,100.0
TTR-0009,2024-04,0.99,0.35,0.0,0.0,0.0,0.0,720.0,0.0,0.0,0,0,0.99,1.0,0.99,0.0,0.0,0.0,0.0,0.0,0.0,0.0,0.0,0,0.0,0.0,0,100.0,100.0,100.0,100.0,100.0
TTR-0009,2024-05,1.0,0.37,276.0,0.12,0.35,0.0,744.0,0.12,0.35,1,1,1.0,0.99,1.0,0.0,0.0,276.0,0.0,0.0,0.35,0.0,0.0,1,0.0,0.0,1,100.0,100.0,99.95295698924731,99.99529569892474,100.0
TTR-0009,2024-06,0.99,0.37,265.0,0.11,0.33,0.0,720.0,0.11,0.33,1,0,0.99,1.0,0.99,0.0,276.0,265.0,0.0,0.35,0.33,0.0,1.0,1,0.0,1.0,0,100.0,100.0,99.95416666666667,99.99541666666667,100.0
TTR-0009,2024-07,0.99,0.39,0.0,0.0,0.0,0.0,744.0,0.0,0.0,0,0,1.0,0.99,0.99,276.0,265.0,0.0,0.35,0.33,0.0,1.0,1.0,0,1.0,0.0,0,100.0,100.0,100.0,100.0,76.0
TTR-0009,2024-08,0.99,0.49,72.9,0.07,0.29,0.0,744.0,0.35,1.45,5,5,0.99,0.99,0.99,265.0,0.0,72.9,0.33,0.0,0.29,1.0,0.0,5,0.0,0.0,5,100.0,20.0,99.96102150537635,75.99610215053764,99.99
TTR-0009,2024-09,0.99,0.46,328.0,0.17,0.5,0.0,720.0,0.17,0.5,1,1,0.99,0.99,0.99,0.0,72.9,328.0,0.0,0.29,0.5,0.0,5.0,1,0.0,5.0,1,100.0,100.0,99.93055555555556,99.99305555555556,84.99
TTR-0009,2024-10,0.99,0.42,157.5,0.32,0.75,0.0,744.0,0.64,1.5,2,2,0.99,0.99,0.99,72.9,328.0,157.5,0.29,0.5,0.75,5.0,1.0,2,5.0,1.0,2,100.0,50.0,99.8991935483871,84.98991935483872,84.99
TTR-0009,2024-11,1.0,0.55,199.25,0.53,0.6,0.0,720.0,1.07,1.2,2,2,0.99,0.99,1.0,328.0,157.5,199.25,0.5,0.75,0.6,1.0,2.0,2,1.0,2.0,2,100.0,50.0,99.91666666666667,84.99166666666667,100.0
TTR-0009,2024-12,0.99,0.3,224.5,0.11,0.33,0.0,744.0,0.11,0.33,1,1,0.99,1.0,0.99,157.5,199.25,224.5,0.75,0.6,0.33,2.0,2.0,1,2.0,2.0,1,100.0,100.0,99.95564516129032,99.99556451612904,77.45
TTR-0009,2025-01,0.97,0.32,60.12,1.14,3.42,0.0,744.0,4.56,13.67,4,4,1.0,0.99,0.97,199.25,224.5,60.12,0.6,0.33,3.42,2.0,1.0,4,2.0,1.0,4,100.0,25.0,99.54032258064515,77.45403225806452,100.0
TTR-0009,2025-02,0.99,0.42,280.5,0.1,0.33,0.0,672.0,0.1,0.33,1,1,0.99,0.97,0.99,224.5,60.12,280.5,0.33,3.42,0.33,1.0,4.0,1,1.0,4.0,1,100.0,100.0,99.95089285714286,99.99508928571429,79.99
TTR-0009,2025-03,0.99,0.55,135.33,0.17,0.47,0.0,744.0,0.5,1.42,3,3,0.97,0.99,0.99,60.12,280.5,135.33,3.42,0.33,0.47,4.0,1.0,3,4.0,1.0,3,100.0,33.333333333333336,99.93682795698925,79.99368279569893,80.0
TTR-0009,2025-04,0.99,0.44,106.67,0.1,0.36,0.0,720.0,0.31,1.08,3,3,0.99,0.99,0.99,280.5,135.33,106.67,0.33,0.47,0.36,1.0,3.0,3,1.0,3.0,3,100.0,33.333333333333336,99.95,79.995,84.99
TTR-0009,2025-05,0.99,0.42,156.0,0.26,0.54,0.0,744.0,0.53,1.08,2,2,0.99,0.99,0.99,135.33,106.67,156.0,0.47,0.36,0.54,3.0,3.0,2,3.0,3.0,2,100.0,50.0,99.9274193548387,84.99274193548388,85.0
TTR-0009,2025-06,0.99,0.47,167.75,0.09,0.33,0.0,720.0,0.19,0.67,2,2,0.99,0.99,0.99,106.67,156.0,167.75,0.36,0.54,0.33,3.0,2.0,2,3.0,2.0,2,100.0,50.0,99.95416666666667,84.99541666666667,84.99
TTR-0009,2025-07,0.99,0.54,202.25,0.19,0.5,0.0,744.0,0.37,1.0,2,2,0.99,0.99,0.99,156.0,167.75,202.25,0.54,0.33,0.5,2.0,2.0,2,2.0,2.0,2,100.0,50.0,99.93279569892472,84.99327956989248,74.99
TTR-0009,2025-08,0.99,0.63,77.75,0.23,0.66,0.0,744.0,1.39,3.93,6,6,0.99,0.99,0.99,167.75,202.25,77.75,0.33,0.5,0.66,2.0,2.0,6,2.0,2.0,6,100.0,16.666666666666668,99.91129032258065,74.99112903225807,74.27
TTR-0009,2025-09,0.99,0.72,74.07,0.42,1.25,0.0,720.0,2.92,8.75,7,7,0.99,0.99,0.99,202.25,77.75,74.07,0.5,0.66,1.25,2.0,6.0,7,2.0,6.0,7,100.0,14.285714285714286,99.82638888888889,74.26835317460318,74.99
TTR-0009,2025-10,0.99,0.67,83.5,0.19,0.58,0.0,744.0,1.17,3.5,6,6,0.99,0.99,0.99,77.75,74.07,83.5,0.66,1.25,0.58,6.0,7.0,6,6.0,7.0,6,100.0,16.666666666666668,99.92204301075269,74.99220430107528,79.98
TTR-0009,2025-11,0.99,0.61,146.67,0.53,1.47,0.0,720.0,1.58,4.42,3,3,0.99,0.99,0.99,74.07,83.5,146.67,1.25,0.58,1.47,7.0,6.0,3,7.0,6.0,3,100.0,33.333333333333336,99.79583333333333,79.97958333333334,74.97
TTR-0009,2025-12,0.98,0.56,68.83,1.0,1.95,0.0,744.0,6.0,11.67,6,0,0.99,0.99,0.98,83.5,146.67,68.83,0.58,1.47,1.95,6.0,3.0,6,6.0,3.0,0,100.0,16.666666666666668,99.73790322580646,74.97379032258064,74.28
TTR-0009,2026-01,0.99,0.54,57.0,0.0,0.15,0.0,744.0,0.0,1.07,7,0,0.99,0.98,0.99,146.67,68.83,57.0,1.47,1.95,0.15,3.0,6.0,7,3.0,0.0,0,100.0,14.285714285714286,99.97983870967741,74.28369815668204,84.99
TTR-0009,2026-02,1.0,0.59,199.5,0.1,0.37,0.0,672.0,0.2,0.74,2,0,0.98,0.99,1.0,68.83,57.0,199.5,1.95,0.15,0.37,6.0,7.0,2,0.0,0.0,0,100.0,50.0,99.94494047619048,84.99449404761904,75.99
TTR-0009,2026-03,1.0,0.51,76.4,1.0,0.43,0.0,744.0,5.0,2.13,5,0,0.99,1.0,1.0,57.0,199.5,76.4,0.15,0.37,0.43,7.0,2.0,5,0.0,0.0,0,100.0,20.0,99.94220430107526,75.99422043010753,77.5
TTR-0010,2024-03,0.0,0.0,0.0,0.0,744.0,0.0,744.0,0.0,744.0,1,1,0.82,0.0,0.0,198.5,0.0,0.0,134.0,696.0,744.0,1.0,1.0,1,1.0,1.0,1,0.0,100.0,0.0,30.0,30.0
TTR-0010,2024-04,0.0,0.0,0.0,1.0,720.0,0.0,720.0,1.0,720.0,1,1,0.0,0.0,0.0,0.0,0.0,0.0,696.0,744.0,720.0,1.0,1.0,1,1.0,1.0,1,0.0,100.0,0.0,30.0,30.0
TTR-0010,2024-05,0.0,0.0,0.0,1.0,744.0,0.0,744.0,1.0,744.0,1,1,0.0,0.0,0.0,0.0,0.0,0.0,744.0,720.0,744.0,1.0,1.0,1,1.0,1.0,1,0.0,100.0,0.0,30.0,30.0
TTR-0010,2024-06,0.0,0.0,0.0,0.0,720.0,0.0,720.0,0.0,720.0,1,0,0.0,0.0,0.0,0.0,0.0,0.0,720.0,744.0,720.0,1.0,1.0,1,1.0,1.0,0,0.0,100.0,0.0,30.0,56.31
TTR-0010,2024-07,0.48,0.08,28.25,0.6,191.25,0.0,744.0,1.2,382.5,2,2,0.0,0.0,0.48,0.0,0.0,28.25,744.0,720.0,191.25,1.0,1.0,2,1.0,0.0,2,56.470588235294116,50.0,74.29435483870968,56.31178842504744,100.0
TTR-0010,2024-08,1.0,0.22,167.0,0.11,0.33,0.0,744.0,0.11,0.33,1,1,0.0,0.48,1.0,0.0,28.25,167.0,720.0,191.25,0.33,1.0,2.0,1,0.0,2.0,1,100.0,100.0,99.95564516129032,99.99556451612904,100.0
TTR-0010,2024-09,0.99,0.24,170.5,0.08,0.25,0.0,720.0,0.08,0.25,1,1,0.48,1.0,0.99,28.25,167.0,170.5,191.25,0.33,0.25,2.0,1.0,1,2.0,1.0,1,100.0,100.0,99.96527777777777,99.99652777777777,100.0
TTR-0010,2024-10,1.0,0.24,181.0,0.0,0.13,0.0,744.0,0.0,0.13,1,1,1.0,0.99,1.0,167.0,170.5,181.0,0.33,0.25,0.13,1.0,1.0,1,1.0,1.0,1,100.0,100.0,99.98252688172043,99.99825268817204,77.49
TTR-0010,2024-11,0.99,0.38,67.75,0.04,0.4,0.0,720.0,0.16,1.58,4,4,0.99,1.0,0.99,170.5,181.0,67.75,0.25,0.13,0.4,1.0,1.0,4,1.0,1.0,4,100.0,25.0,99.94444444444444,77.49444444444444,84.99
TTR-0010,2024-12,1.0,0.39,145.5,0.1,0.38,0.0,744.0,0.2,0.75,2,2,1.0,0.99,1.0,181.0,67.75,145.5,0.13,0.4,0.38,1.0,4.0,2,1.0,4.0,2,100.0,50.0,99.9489247311828,84.99489247311828,75.98
TTR-0010,2025-01,0.98,0.49,72.5,0.54,1.65,0.0,744.0,2.69,8.25,5,5,0.99,1.0,0.98,67.75,145.5,72.5,0.4,0.38,1.65,4.0,2.0,5,4.0,2.0,5,100.0,20.0,99.77822580645162,75.97782258064517,77.24
TTR-0010,2025-02,0.88,0.5,84.38,0.53,17.42,0.0,672.0,2.11,69.67,4,4,1.0,0.98,0.88,145.5,72.5,84.38,0.38,1.65,17.42,2.0,5.0,4,2.0,5.0,4,100.0,25.0,97.40773809523809,77.2407738095238,69.17
TTR-0010,2025-03,0.76,0.37,55.1,0.49,35.5,0.0,744.0,2.44,177.5,5,5,0.98,0.88,0.76,72.5,84.38,55.1,1.65,17.42,35.5,5.0,4.0,5,5.0,4.0,5,89.41176470588236,20.0,95.22849462365592,69.169908285895,100.0
TTR-0010,2025-04,1.0,0.34,0.0,0.0,0.0,0.0,720.0,0.0,0.0,0,0,0.88,0.76,1.0,84.38,55.1,0.0,17.42,35.5,0.0,4.0,5.0,0,4.0,5.0,0,100.0,100.0,100.0,100.0,80.0
TTR-0010,2025-05,0.98,0.43,105.67,0.11,0.33,0.0,744.0,0.33,1.0,3,3,0.76,1.0,0.98,55.1,0.0,105.67,35.5,0.0,0.33,5.0,0.0,3,5.0,0.0,3,100.0,33.333333333333336,99.95564516129032,79.99556451612904,84.99
TTR-0010,2025-06,0.99,0.53,189.25,0.21,0.42,0.0,720.0,0.42,0.83,2,2,1.0,0.98,0.99,0.0,105.67,189.25,0.0,0.33,0.42,0.0,3.0,2,0.0,3.0,2,100.0,50.0,99.94166666666666,84.99416666666667,79.99
TTR-0010,2025-07,0.98,0.58,144.0,0.37,1.08,0.0,744.0,1.12,3.25,3,3,0.98,0.99,0.98,105.67,189.25,144.0,0.33,0.42,1.08,3.0,2.0,3,3.0,2.0,3,100.0,33.333333333333336,99.85483870967742,79.98548387096774,74.24
TTR-0010,2025-08,0.96,0.56,59.79,0.9,3.63,0.0,744.0,6.3,25.42,7,7,0.99,0.98,0.96,189.25,144.0,59.79,0.42,1.08,3.63,2.0,3.0,7,2.0,3.0,7,100.0,14.285714285714286,99.51209677419355,74.23692396313365,74.28
TTR-0010,2025-09,0.99,0.72,74.21,0.18,0.55,0.0,720.0,1.28,3.83,7,7,0.98,0.96,0.99,144.0,59.79,74.21,1.08,3.63,0.55,3.0,7.0,7,3.0,7.0,7,100.0,14.285714285714286,99.92361111111111,74.2780753968254,85.0
TTR-0010,2025-10,1.0,0.7,259.5,0.08,0.25,0.0,744.0,0.17,0.5,2,2,0.96,0.99,1.0,59.79,74.21,259.5,3.63,0.55,0.25,7.0,7.0,2,7.0,7.0,2,100.0,50.0,99.96639784946237,84.99663978494624,99.98
TTR-0010,2025-11,0.98,0.65,466.0,0.67,1.08,0.0,720.0,0.67,1.08,1,1,0.99,1.0,0.98,74.21,259.5,466.0,0.55,0.25,1.08,7.0,2.0,1,7.0,2.0,1,100.0,100.0,99.85000000000001,99.985,72.62
TTR-0010,2025-12,0.88,0.49,33.45,1.0,7.77,0.0,744.0,11.0,85.49,11,0,1.0,0.98,0.88,259.5,466.0,33.45,0.25,1.08,7.77,2.0,1.0,11,2.0,1.0,0,100.0,9.090909090909092,98.95564516129032,72.62283724340176,99.99
TTR-0010,2026-01,1.0,0.53,397.0,0.0,0.58,0.0,744.0,0.0,0.58,1,0,0.98,0.88,1.0,466.0,33.45,397.0,1.08,7.77,0.58,1.0,11.0,1,1.0,0.0,0,100.0,100.0,99.92204301075269,99.99220430107528,73.32
TTR-0010,2026-02,0.99,0.65,48.56,0.33,0.82,0.0,672.0,3.0,7.35,9,0,0.88,1.0,0.99,33.45,397.0,48.56,7.77,0.58,0.82,11.0,1.0,9,0.0,0.0,0,100.0,11.11111111111111,99.87797619047619,73.32113095238095,72.49
TTR-0010,2026-03,0.99,0.53,32.83,1.0,0.77,0.0,744.0,12.0,9.29,12,0,1.0,0.99,0.99,397.0,48.56,32.83,0.58,0.82,0.77,1.0,9.0,12,0.0,0.0,0,100.0,8.333333333333334,99.8965053763441,72.48965053763442,74.98
TTR-0011,2024-03,0.99,0.48,0.0,0.0,0.0,0.0,744.0,0.09,0.0,0,0,0.99,0.99,0.99,155.25,0.0,0.0,0.29,0.0,0.0,2.0,0.0,0,2.0,0.0,0,100.0,100.0,100.0,100.0,85.0
TTR-0011,2024-04,0.99,0.41,147.75,0.11,0.33,0.0,720.0,0.22,0.67,2,2,0.99,0.99,0.99,0.0,0.0,147.75,0.0,0.0,0.33,0.0,0.0,2,0.0,0.0,2,100.0,50.0,99.95416666666667,84.99541666666667,99.99
TTR-0011,2024-05,0.99,0.45,332.0,0.17,0.5,0.0,744.0,0.17,0.5,1,1,0.99,0.99,0.99,0.0,147.75,332.0,0.0,0.33,0.5,0.0,2.0,1,0.0,2.0,1,100.0,100.0,99.93279569892472,99.99327956989248,99.99
TTR-0011,2024-06,0.99,0.47,335.0,0.22,0.67,0.0,720.0,0.22,0.67,1,0,0.99,0.99,0.99,147.75,332.0,335.0,0.33,0.5,0.67,2.0,1.0,1,2.0,1.0,0,100.0,100.0,99.90694444444445,99.99069444444444,100.0
TTR-0011,2024-07,0.99,0.37,0.0,0.0,0.0,0.0,744.0,0.0,0.0,0,0,0.99,0.99,0.99,332.0,335.0,0.0,0.5,0.67,0.0,1.0,1.0,0,1.0,0.0,0,100.0,100.0,100.0,100.0,99.99
TTR-0011,2024-08,0.99,0.4,298.0,0.19,0.58,0.0,744.0,0.19,0.58,1,1,0.99,0.99,0.99,335.0,0.0,298.0,0.67,0.0,0.58,1.0,0.0,1,0.0,0.0,1,100.0,100.0,99.92204301075269,99.99220430107528,85.0
TTR-0011,2024-09,0.99,0.42,152.25,0.08,0.33,0.0,720.0,0.17,0.67,2,2,0.99,0.99,0.99,0.0,298.0,152.25,0.0,0.58,0.33,0.0,1.0,2,0.0,1.0,2,100.0,50.0,99.95416666666667,84.99541666666667,84.59
TTR-0011,2024-10,0.91,0.4,147.75,1.09,30.78,0.0,744.0,2.18,61.57,2,2,0.99,0.99,0.91,298.0,152.25,147.75,0.58,0.33,30.78,1.0,2.0,2,1.0,2.0,2,100.0,50.0,95.86290322580645,84.58629032258065,84.39
TTR-0011,2024-11,0.87,0.35,127.5,0.04,43.92,0.0,720.0,0.08,87.83,2,2,0.99,0.91,0.87,152.25,147.75,127.5,0.33,30.78,43.92,2.0,2.0,2,2.0,2.0,2,100.0,50.0,93.89999999999999,84.39,85.0
TTR-0011,2024-12,0.99,0.33,121.25,0.12,0.35,0.0,744.0,0.23,0.7,2,2,0.91,0.87,0.99,147.75,127.5,121.25,30.78,43.92,0.35,2.0,2.0,2,2.0,2.0,2,100.0,50.0,99.95295698924731,84.99529569892474,100.0
TTR-0011,2025-01,0.99,0.36,0.0,0.0,0.0,0.0,744.0,0.0,0.0,0,0,0.87,0.99,0.99,127.5,121.25,0.0,43.92,0.35,0.0,2.0,2.0,0,2.0,2.0,0,100.0,100.0,100.0,100.0,80.0
TTR-0011,2025-02,0.99,0.49,109.0,0.03,0.28,0.0,672.0,0.09,0.83,3,3,0.99,0.99,0.99,121.25,0.0,109.0,0.35,0.0,0.28,2.0,0.0,3,2.0,0.0,3,100.0,33.333333333333336,99.95833333333334,79.99583333333334,99.99
TTR-0011,2025-03,0.99,0.46,341.0,0.33,1.0,0.0,744.0,0.33,1.0,1,1,0.99,0.99,0.99,0.0,109.0,341.0,0.0,0.28,1.0,0.0,3.0,1,0.0,3.0,1,100.0,100.0,99.86559139784946,99.98655913978494,100.0
TTR-0011,2025-04,0.98,0.27,196.5,0.11,0.17,0.0,720.0,0.11,0.17,1,1,0.99,0.99,0.98,109.0,341.0,196.5,0.28,1.0,0.17,3.0,1.0,1,3.0,1.0,1,100.0,100.0,99.97638888888889,99.99763888888889,84.99
TTR-0011,2025-05,0.99,0.38,141.25,0.17,0.51,0.0,744.0,0.34,1.02,2,2,0.99,0.98,0.99,341.0,196.5,141.25,1.0,0.17,0.51,1.0,1.0,2,1.0,1.0,2,100.0,50.0,99.93145161290322,84.99314516129033,84.99
TTR-0011,2025-06,0.95,0.51,182.5,0.12,0.42,0.0,720.0,0.25,0.83,2,2,0.98,0.99,0.95,196.5,141.25,182.5,0.17,0.51,0.42,1.0,2.0,2,1.0,2.0,2,100.0,50.0,99.94166666666666,84.99416666666667,79.95
TTR-0011,2025-07,0.98,0.58,145.0,1.19,3.58,0.0,744.0,3.58,10.75,3,3,0.99,0.95,0.98,141.25,182.5,145.0,0.51,0.42,3.58,2.0,2.0,3,2.0,2.0,3,100.0,33.333333333333336,99.51881720430109,79.95188172043011,84.99
TTR-0011,2025-08,0.97,0.64,238.25,0.19,0.56,0.0,744.0,0.37,1.12,2,2,0.95,0.98,0.97,182.5,145.0,238.25,0.42,3.58,0.56,2.0,3.0,2,2.0,3.0,2,100.0,50.0,99.9247311827957,84.99247311827958,73.24
TTR-0011,2025-09,0.91,0.66,52.56,1.87,6.56,0.0,720.0,16.86,59.08,9,9,0.98,0.97,0.91,145.0,238.25,52.56,3.58,0.56,6.56,3.0,2.0,9,3.0,2.0,9,100.0,11.11111111111111,99.08888888888889,73.24222222222222,74.27
TTR-0011,2025-10,0.98,0.61,65.29,0.27,0.81,0.0,744.0,1.89,5.67,7,7,0.97,0.91,0.98,238.25,52.56,65.29,0.56,6.56,0.81,2.0,9.0,7,2.0,9.0,7,100.0,14.285714285714286,99.89112903225806,74.2748271889401,75.98
TTR-0011,2025-11,0.99,0.54,78.3,0.44,1.17,0.0,720.0,2.21,5.83,5,5,0.91,0.98,0.99,52.56,65.29,78.3,6.56,0.81,1.17,9.0,7.0,5,9.0,7.0,5,100.0,20.0,99.8375,75.98375,75.0
TTR-0011,2025-12,0.96,0.55,67.67,1.0,0.1,0.0,744.0,6.0,0.59,6,0,0.98,0.99,0.96,65.29,78.3,67.67,0.81,1.17,0.1,7.0,5.0,6,7.0,5.0,0,100.0,16.666666666666668,99.98655913978494,74.9986559139785,73.32
TTR-0011,2026-01,0.99,0.39,31.89,0.0,0.86,0.0,744.0,0.0,7.78,9,0,0.99,0.96,0.99,78.3,67.67,31.89,1.17,0.1,0.86,5.0,6.0,9,5.0,0.0,0,100.0,11.11111111111111,99.88440860215054,73.32177419354839,73.31
TTR-0011,2026-02,0.97,0.37,27.56,0.33,1.61,0.0,672.0,3.0,14.53,9,0,0.96,0.99,0.97,67.67,31.89,27.56,0.1,0.86,1.61,6.0,9.0,9,0.0,0.0,0,100.0,11.11111111111111,99.76041666666666,73.309375,73.3
TTR-0011,2026-03,0.97,0.49,40.89,1.0,2.4,0.0,744.0,9.0,21.62,9,0,0.99,0.97,0.97,31.89,27.56,40.89,0.86,1.61,2.4,9.0,9.0,9,0.0,0.0,0,100.0,11.11111111111111,99.67741935483872,73.30107526881721,73.24
TTR-0012,2024-03,0.98,0.41,100.5,0.08,0.36,0.0,744.0,0.25,1.08,3,3,1.0,0.99,0.98,252.5,0.0,100.5,0.42,0.0,0.36,1.0,0.0,3,1.0,0.0,3,100.0,33.333333333333336,99.95161290322581,79.99516129032259,99.36
TTR-0012,2024-04,0.93,0.3,218.0,1.25,46.0,0.0,720.0,1.25,46.0,1,1,0.99,0.98,0.93,0.0,100.5,218.0,0.0,0.36,46.0,0.0,3.0,1,0.0,3.0,1,100.0,100.0,93.61111111111111,99.36111111111111,100.0
TTR-0012,2024-05,0.99,0.36,265.0,0.15,0.33,0.0,744.0,0.15,0.33,1,1,0.98,0.93,0.99,100.5,218.0,265.0,0.36,46.0,0.33,3.0,1.0,1,3.0,1.0,1,100.0,100.0,99.95564516129032,99.99556451612904,100.0
TTR-0012,2024-06,1.0,0.36,0.0,0.0,0.0,0.0,720.0,0.0,0.0,0,0,0.93,0.99,1.0,218.0,265.0,0.0,46.0,0.33,0.0,1.0,1.0,0,1.0,1.0,0,100.0,100.0,100.0,100.0,80.0
TTR-0012,2024-07,0.99,0.38,94.17,0.11,0.33,0.0,744.0,0.33,0.98,3,3,0.99,1.0,0.99,265.0,0.0,94.17,0.33,0.0,0.33,1.0,0.0,3,1.0,0.0,3,100.0,33.333333333333336,99.95564516129032,79.99556451612904,100.0
TTR-0012,2024-08,1.0,0.41,305.5,0.08,0.25,0.0,744.0,0.08,0.25,1,1,1.0,0.99,1.0,0.0,94.17,305.5,0.0,0.33,0.25,0.0,3.0,1,0.0,3.0,1,100.0,100.0,99.96639784946237,99.99663978494624,77.5
TTR-0012,2024-09,0.99,0.42,76.5,0.1,0.3,0.0,720.0,0.38,1.2,4,4,0.99,1.0,0.99,94.17,305.5,76.5,0.33,0.25,0.3,3.0,1.0,4,3.0,1.0,4,100.0,25.0,99.95833333333334,77.49583333333334,84.99
TTR-0012,2024-10,0.99,0.4,147.25,0.16,0.65,0.0,744.0,0.32,1.3,2,2,1.0,0.99,0.99,305.5,76.5,147.25,0.25,0.3,0.65,1.0,4.0,2,1.0,4.0,2,100.0,50.0,99.91263440860216,84.99126344086022,79.99
TTR-0012,2024-11,0.99,0.51,122.0,0.11,0.39,0.0,720.0,0.33,1.17,3,3,0.99,0.99,0.99,76.5,147.25,122.0,0.3,0.65,0.39,4.0,2.0,3,4.0,2.0,3,100.0,33.333333333333336,99.94583333333334,79.99458333333334,84.99
TTR-0012,2024-12,0.99,0.45,169.0,0.06,0.67,0.0,744.0,0.11,1.33,2,2,0.99,0.99,0.99,147.25,122.0,169.0,0.65,0.39,0.67,2.0,3.0,2,2.0,3.0,2,100.0,50.0,99.90994623655915,84.99099462365592,99.99
TTR-0012,2025-01,0.99,0.41,305.5,0.44,1.0,0.0,744.0,0.44,1.0,1,1,0.99,0.99,0.99,122.0,169.0,305.5,0.39,0.67,1.0,3.0,2.0,1,3.0,2.0,1,100.0,100.0,99.86559139784946,99.98655913978494,100.0
TTR-0012,2025-02,0.99,0.55,0.0,0.0,0.0,0.0,672.0,0.0,0.0,0,0,0.99,0.99,0.99,169.0,305.5,0.0,0.67,1.0,0.0,2.0,1.0,0,2.0,1.0,0,100.0,100.0,100.0,100.0,100.0
TTR-0012,2025-03,0.99,0.53,394.0,0.25,0.33,0.0,744.0,0.25,0.33,1,1,0.99,0.99,0.99,305.5,0.0,394.0,1.0,0.0,0.33,1.0,0.0,1,1.0,0.0,1,100.0,100.0,99.95564516129032,99.99556451612904,85.0
TTR-0012,2025-04,0.99,0.47,167.5,0.22,0.33,0.0,720.0,0.43,0.67,2,2,0.99,0.99,0.99,0.0,394.0,167.5,0.0,0.33,0.33,0.0,1.0,2,0.0,1.0,2,100.0,50.0,99.95416666666667,84.99541666666667,84.99
TTR-0012,2025-05,0.99,0.48,177.0,0.33,0.42,0.0,744.0,0.67,0.83,2,2,0.99,0.99,0.99,394.0,167.5,177.0,0.33,0.33,0.42,1.0,2.0,2,1.0,2.0,2,100.0,50.0,99.94354838709677,84.99435483870968,84.99
TTR-0012,2025-06,0.99,0.52,189.0,0.14,0.42,0.0,720.0,0.28,0.83,2,2,0.99,0.99,0.99,167.5,177.0,189.0,0.33,0.42,0.42,2.0,2.0,2,2.0,2.0,2,100.0,50.0,99.94166666666666,84.99416666666667,79.99
TTR-0012,2025-07,0.98,0.61,151.83,0.24,0.61,0.0,744.0,0.72,1.83,3,3,0.99,0.99,0.98,177.0,189.0,151.83,0.42,0.42,0.61,2.0,2.0,3,2.0,2.0,3,100.0,33.333333333333336,99.91801075268818,79.99180107526882,77.5
TTR-0012,2025-08,0.99,0.64,119.62,0.08,0.25,0.0,744.0,0.33,1.0,4,4,0.99,0.98,0.99,189.0,151.83,119.62,0.42,0.61,0.25,2.0,3.0,4,2.0,3.0,4,100.0,25.0,99.96639784946237,77.49663978494624,77.48
TTR-0012,2025-09,0.99,0.69,124.12,0.42,1.27,0.0,720.0,1.69,5.08,4,4,0.98,0.99,0.99,151.83,119.62,124.12,0.61,0.25,1.27,3.0,4.0,4,3.0,4.0,4,100.0,25.0,99.8236111111111,77.48236111111112,77.49
TTR-0012,2025-10,0.99,0.68,126.62,0.14,0.42,0.0,744.0,0.56,1.67,4,4,0.99,0.99,0.99,119.62,124.12,126.62,0.25,1.27,0.42,4.0,4.0,4,4.0,4.0,4,100.0,25.0,99.94354838709677,77.49435483870968,99.99
TTR-0012,2025-11,1.0,0.57,412.5,0.46,0.67,0.0,720.0,0.46,0.67,1,1,0.99,0.99,1.0,124.12,126.62,412.5,1.27,0.42,0.67,4.0,4.0,1,4.0,4.0,1,100.0,100.0,99.90694444444445,99.99069444444444,73.58
TTR-0012,2025-12,0.85,0.4,37.38,1.0,12.51,12.5,744.0,8.0,100.08,8,0,0.99,1.0,0.85,126.62,412.5,37.38,0.42,0.67,12.51,4.0,1.0,8,4.0,1.0,0,100.0,12.5,98.31854838709677,73.58185483870967,77.43
TTR-0012,2026-01,0.97,0.45,83.5,0.0,5.55,0.0,744.0,0.0,22.18,4,0,1.0,0.85,0.97,412.5,37.38,83.5,0.67,12.51,5.55,1.0,8.0,4,1.0,0.0,0,100.0,25.0,99.25403225806451,77.42540322580645,75.99
TTR-0012,2026-02,1.0,0.64,86.2,0.4,0.4,0.0,672.0,2.0,1.98,5,0,0.85,0.97,1.0,37.38,83.5,86.2,12.51,5.55,0.4,8.0,4.0,5,0.0,0.0,0,100.0,20.0,99.94047619047619,75.99404761904762,99.99
TTR-0012,2026-03,0.99,0.58,433.0,1.0,0.67,0.0,744.0,1.0,0.67,1,0,0.97,1.0,0.99,83.5,86.2,433.0,5.55,0.4,0.67,4.0,5.0,1,0.0,0.0,0,100.0,100.0,99.90994623655915,99.99099462365592,75.91
TTR-0013,2024-03,0.99,0.43,107.33,0.18,0.78,0.0,744.0,0.55,2.33,3,3,0.99,0.99,0.99,0.0,0.0,107.33,0.0,0.0,0.78,0.0,0.0,3,0.0,0.0,3,100.0,33.333333333333336,99.89516129032258,79.98951612903225,79.99
TTR-0013,2024-04,0.99,0.34,81.5,0.17,0.56,0.0,720.0,0.5,1.67,3,3,0.99,0.99,0.99,0.0,107.33,81.5,0.0,0.78,0.56,0.0,3.0,3,0.0,3.0,3,100.0,33.333333333333336,99.92222222222222,79.99222222222222,80.0
TTR-0013,2024-05,0.99,0.44,110.33,0.1,0.36,0.0,744.0,0.3,1.08,3,3,0.99,0.99,0.99,107.33,81.5,110.33,0.78,0.56,0.36,3.0,3.0,3,3.0,3.0,3,100.0,33.333333333333336,99.95161290322581,79.99516129032259,84.99
TTR-0013,2024-06,0.99,0.42,151.25,0.14,0.42,0.0,720.0,0.28,0.83,2,0,0.99,0.99,0.99,81.5,110.33,151.25,0.56,0.36,0.42,3.0,3.0,2,3.0,3.0,0,100.0,50.0,99.94166666666666,84.99416666666667,85.0
TTR-0013,2024-07,0.99,0.44,165.5,0.06,0.25,0.0,744.0,0.11,0.5,2,2,0.99,0.99,0.99,110.33,151.25,165.5,0.36,0.42,0.25,3.0,2.0,2,3.0,0.0,2,100.0,50.0,99.96639784946237,84.99663978494624,76.0
TTR-0013,2024-08,0.99,0.41,60.5,0.13,0.34,0.0,744.0,0.65,1.7,5,5,0.99,0.99,0.99,151.25,165.5,60.5,0.42,0.25,0.34,2.0,2.0,5,0.0,2.0,5,100.0,20.0,99.95430107526882,75.99543010752689,79.99
TTR-0013,2024-09,0.99,0.46,109.5,0.11,0.39,0.0,720.0,0.33,1.17,3,3,0.99,0.99,0.99,165.5,60.5,109.5,0.25,0.34,0.39,2.0,5.0,3,2.0,5.0,3,100.0,33.333333333333336,99.94583333333334,79.99458333333334,74.94
TTR-0013,2024-10,0.96,0.43,53.0,0.24,4.16,0.0,744.0,1.43,24.97,6,6,0.99,0.99,0.96,60.5,109.5,53.0,0.34,0.39,4.16,5.0,3.0,6,5.0,3.0,6,100.0,16.666666666666668,99.44086021505376,74.94408602150537,100.0
TTR-0013,2024-11,1.0,0.48,0.0,0.0,0.0,0.0,720.0,0.2,0.0,0,0,0.99,0.96,1.0,109.5,53.0,0.0,0.39,4.16,0.0,3.0,6.0,0,3.0,6.0,0,100.0,100.0,100.0,100.0,77.44
TTR-0013,2024-12,0.97,0.43,79.12,0.42,4.62,0.0,744.0,1.67,18.5,4,4,0.96,1.0,0.97,53.0,0.0,79.12,4.16,0.0,4.62,6.0,0.0,4,6.0,0.0,4,100.0,25.0,99.37903225806451,77.43790322580645,84.95
TTR-0013,2025-01,0.98,0.47,176.25,1.17,3.5,0.0,744.0,2.33,7.0,2,2,1.0,0.97,0.98,0.0,79.12,176.25,0.0,4.62,3.5,0.0,4.0,2,0.0,4.0,2,100.0,50.0,99.52956989247312,84.95295698924731,74.25
TTR-0013,2025-02,0.96,0.54,52.07,0.29,2.73,0.0,672.0,2.0,19.08,7,7,0.97,0.98,0.96,79.12,176.25,52.07,4.62,3.5,2.73,4.0,2.0,7,4.0,2.0,7,100.0,14.285714285714286,99.59375,74.2450892857143,100.0
TTR-0013,2025-03,0.99,0.6,0.0,0.0,0.0,0.0,744.0,0.12,0.0,0,0,0.98,0.96,0.99,176.25,52.07,0.0,3.5,2.73,0.0,2.0,7.0,0,2.0,7.0,0,100.0,100.0,100.0,100.0,84.78
TTR-0013,2025-04,0.94,0.43,154.75,5.78,16.0,0.0,720.0,11.56,32.0,2,2,0.96,0.99,0.94,52.07,0.0,154.75,2.73,0.0,16.0,7.0,0.0,2,7.0,0.0,2,100.0,50.0,97.77777777777777,84.77777777777777,77.45
TTR-0013,2025-05,0.97,0.44,82.25,1.34,3.98,0.0,744.0,5.36,15.92,4,4,0.99,0.94,0.97,0.0,154.75,82.25,0.0,16.0,3.98,0.0,2.0,4,0.0,2.0,4,100.0,25.0,99.46505376344086,77.44650537634409,85.0
TTR-0013,2025-06,0.99,0.52,188.5,0.04,0.33,0.0,720.0,0.09,0.67,2,2,0.94,0.97,0.99,154.75,82.25,188.5,16.0,3.98,0.33,2.0,4.0,2,2.0,4.0,2,100.0,50.0,99.95416666666667,84.99541666666667,100.0
TTR-0013,2025-07,0.99,0.57,0.0,0.0,0.0,0.0,744.0,0.0,0.0,0,0,0.97,0.99,0.99,82.25,188.5,0.0,3.98,0.33,0.0,4.0,2.0,0,4.0,2.0,0,100.0,100.0,100.0,100.0,75.0
TTR-0013,2025-08,0.96,0.62,76.92,0.07,0.21,0.0,744.0,0.42,1.27,6,6,0.99,0.99,0.96,188.5,0.0,76.92,0.33,0.0,0.21,2.0,0.0,6,2.0,0.0,6,100.0,16.666666666666668,99.97177419354838,74.99717741935484,74.24
TTR-0013,2025-09,0.96,0.67,68.86,0.77,3.57,0.0,720.0,5.39,25.0,7,7,0.99,0.96,0.96,0.0,76.92,68.86,0.0,0.21,3.57,0.0,6.0,7,0.0,6.0,7,100.0,14.285714285714286,99.50416666666668,74.23613095238096,75.99
TTR-0013,2025-10,0.99,0.68,101.2,0.28,0.83,0.0,744.0,1.42,4.17,5,5,0.96,0.96,0.99,76.92,68.86,101.2,0.21,3.57,0.83,6.0,7.0,5,6.0,7.0,5,100.0,20.0,99.88844086021506,75.9888440860215,77.49
TTR-0013,2025-11,0.99,0.57,102.25,0.27,0.71,0.0,720.0,1.07,2.83,4,4,0.96,0.99,0.99,68.86,101.2,102.25,3.57,0.83,0.71,7.0,5.0,4,7.0,5.0,4,100.0,25.0,99.90138888888889,77.4901388888889,80.0
TTR-0013,2025-12,0.99,0.48,120.0,1.0,0.28,0.0,744.0,3.0,0.84,3,0,0.99,0.99,0.99,101.2,102.25,120.0,0.83,0.71,0.28,5.0,4.0,3,5.0,4.0,0,100.0,33.333333333333336,99.96236559139786,79.99623655913979,73.74
TTR-0013,2026-01,0.99,0.45,41.5,0.0,0.73,0.0,744.0,0.0,5.83,8,0,0.99,0.99,0.99,102.25,120.0,41.5,0.71,0.28,0.73,4.0,3.0,8,4.0,0.0,0,100.0,12.5,99.90188172043011,73.74018817204302,72.25
TTR-0013,2026-02,0.91,0.56,29.15,0.31,4.2,0.0,672.0,4.0,54.57,13,0,0.99,0.99,0.91,120.0,41.5,29.15,0.28,0.73,4.2,3.0,8.0,13,0.0,0.0,0,100.0,7.6923076923076925,99.375,72.2451923076923,72.48
TTR-0013,2026-03,0.97,0.53,33.08,1.0,1.37,0.0,744.0,12.0,16.43,12,0,0.99,0.91,0.97,41.5,29.15,33.08,0.73,4.2,1.37,8.0,13.0,12,0.0,0.0,0,100.0,8.333333333333334,99.81586021505376,72.48158602150538,72.99
TTR-0014,2024-03,0.99,0.47,173.0,0.06,0.33,0.0,744.0,0.11,0.67,2,2,0.99,0.99,0.99,123.75,124.25,173.0,0.32,0.33,0.33,2.0,2.0,2,2.0,2.0,2,100.0,50.0,99.95564516129032,84.99556451612904,84.99
TTR-0014,2024-04,0.99,0.43,156.25,0.1,0.38,0.0,720.0,0.19,0.75,2,2,0.99,0.99,0.99,124.25,173.0,156.25,0.33,0.33,0.38,2.0,2.0,2,2.0,2.0,2,100.0,50.0,99.94722222222222,84.99472222222222,85.0
TTR-0014,2024-05,0.99,0.46,171.5,0.12,0.3,0.0,744.0,0.23,0.6,2,2,0.99,0.99,0.99,173.0,156.25,171.5,0.33,0.38,0.3,2.0,2.0,2,2.0,2.0,2,100.0,50.0,99.95967741935485,84.99596774193549,100.0
TTR-0014,2024-06,0.99,0.48,0.0,0.0,0.0,0.0,720.0,0.11,0.0,0,0,0.99,0.99,0.99,156.25,171.5,0.0,0.38,0.3,0.0,2.0,2.0,0,2.0,2.0,0,100.0,100.0,100.0,100.0,75.99
TTR-0014,2024-07,0.99,0.47,70.1,0.26,0.89,0.0,744.0,1.31,4.43,5,5,0.99,0.99,0.99,171.5,0.0,70.1,0.3,0.0,0.89,2.0,0.0,5,2.0,0.0,5,100.0,20.0,99.88037634408602,75.9880376344086,77.5
TTR-0014,2024-08,0.99,0.46,85.62,0.11,0.36,0.0,744.0,0.42,1.43,4,4,0.99,0.99,0.99,0.0,70.1,85.62,0.0,0.89,0.36,0.0,5.0,4,0.0,5.0,4,100.0,25.0,99.95161290322581,77.49516129032259,77.5
TTR-0014,2024-09,0.99,0.48,87.12,0.16,0.31,0.0,720.0,0.65,1.25,4,4,0.99,0.99,0.99,70.1,85.62,87.12,0.89,0.36,0.31,5.0,4.0,4,5.0,4.0,4,100.0,25.0,99.95694444444445,77.49569444444444,79.99
TTR-0014,2024-10,0.99,0.46,114.0,0.17,0.56,0.0,744.0,0.52,1.67,3,3,0.99,0.99,0.99,85.62,87.12,114.0,0.36,0.31,0.56,4.0,4.0,3,4.0,4.0,3,100.0,33.333333333333336,99.9247311827957,79.99247311827958,84.99
TTR-0014,2024-11,0.99,0.56,202.0,0.07,0.38,0.0,720.0,0.14,0.75,2,2,0.99,0.99,0.99,87.12,114.0,202.0,0.31,0.56,0.38,4.0,3.0,2,4.0,3.0,2,100.0,50.0,99.94722222222222,84.99472222222222,79.99
TTR-0014,2024-12,0.99,0.51,126.5,0.19,0.46,0.0,744.0,0.57,1.38,3,3,0.99,0.99,0.99,114.0,202.0,126.5,0.56,0.38,0.46,3.0,2.0,3,3.0,2.0,3,100.0,33.333333333333336,99.93817204301075,79.99381720430108,84.98
TTR-0014,2025-01,0.98,0.49,183.25,0.08,1.67,0.0,744.0,0.17,3.33,2,2,0.99,0.99,0.98,202.0,126.5,183.25,0.38,0.46,1.67,2.0,3.0,2,2.0,3.0,2,100.0,50.0,99.77553763440861,84.97755376344087,100.0
TTR-0014,2025-02,0.99,0.62,0.0,0.0,0.0,0.0,672.0,0.0,0.0,0,0,0.99,0.98,0.99,126.5,183.25,0.0,0.46,1.67,0.0,3.0,2.0,0,3.0,2.0,0,100.0,100.0,100.0,100.0,80.0
TTR-0014,2025-03,0.99,0.59,147.17,0.07,0.33,0.0,744.0,0.22,0.98,3,3,0.98,0.99,0.99,183.25,0.0,147.17,1.67,0.0,0.33,2.0,0.0,3,2.0,0.0,3,100.0,33.333333333333336,99.95564516129032,79.99556451612904,99.99
TTR-0014,2025-04,0.99,0.53,384.0,0.28,0.5,0.0,720.0,0.28,0.5,1,1,0.99,0.99,0.99,0.0,147.17,384.0,0.0,0.33,0.5,0.0,3.0,1,0.0,3.0,1,100.0,100.0,99.93055555555556,99.99305555555556,100.0
TTR-0014,2025-05,0.99,0.53,393.0,0.22,0.33,0.0,744.0,0.22,0.33,1,1,0.99,0.99,0.99,147.17,384.0,393.0,0.33,0.5,0.33,3.0,1.0,1,3.0,1.0,1,100.0,100.0,99.95564516129032,99.99556451612904,80.0
TTR-0014,2025-06,0.99,0.54,130.33,0.19,0.34,0.0,720.0,0.56,1.02,3,3,0.99,0.99,0.99,384.0,393.0,130.33,0.5,0.33,0.34,1.0,1.0,3,1.0,1.0,3,100.0,33.333333333333336,99.95277777777778,79.99527777777777,79.99
TTR-0014,2025-07,0.99,0.62,155.0,0.15,0.44,0.0,744.0,0.44,1.33,3,3,0.99,0.99,0.99,393.0,130.33,155.0,0.33,0.34,0.44,1.0,3.0,3,1.0,3.0,3,100.0,33.333333333333336,99.94086021505376,79.99408602150538,85.0
TTR-0014,2025-08,0.99,0.67,249.75,0.1,0.29,0.0,744.0,0.19,0.58,2,2,0.99,0.99,0.99,130.33,155.0,249.75,0.34,0.44,0.29,3.0,3.0,2,3.0,3.0,2,100.0,50.0,99.96102150537635,84.99610215053764,74.2
TTR-0014,2025-09,0.92,0.68,70.07,2.08,6.23,0.0,720.0,14.53,43.58,7,7,0.99,0.99,0.92,155.0,249.75,70.07,0.44,0.29,6.23,3.0,2.0,7,3.0,2.0,7,100.0,14.285714285714286,99.13472222222222,74.19918650793652,72.3
TTR-0014,2025-10,0.98,0.72,40.96,0.3,0.9,0.0,744.0,3.92,11.75,13,13,0.99,0.92,0.98,249.75,70.07,40.96,0.29,6.23,0.9,2.0,7.0,13,2.0,7.0,13,100.0,7.6923076923076925,99.87903225806451,72.29559553349876,77.38
TTR-0014,2025-11,0.91,0.64,115.0,2.89,8.55,0.0,720.0,11.57,34.18,4,4,0.92,0.98,0.91,70.07,40.96,115.0,6.23,0.9,8.55,7.0,13.0,4,7.0,13.0,4,100.0,25.0,98.8125,77.38125,72.25
TTR-0014,2025-12,0.91,0.51,28.92,1.0,4.6,0.0,744.0,13.0,59.8,13,0,0.98,0.91,0.91,40.96,115.0,28.92,0.9,8.55,4.6,13.0,4.0,13,13.0,4.0,0,100.0,7.6923076923076925,99.38172043010752,72.24586435070306,77.5
TTR-0014,2026-01,0.93,0.49,90.25,0.0,0.1,0.0,744.0,0.0,0.41,4,0,0.91,0.91,0.93,115.0,28.92,90.25,8.55,4.6,0.1,4.0,13.0,4,4.0,0.0,0,100.0,25.0,99.98655913978494,77.4986559139785,73.74
TTR-0014,2026-02,0.99,0.59,49.5,0.25,0.73,0.0,672.0,2.0,5.85,8,0,0.91,0.93,0.99,28.92,90.25,49.5,4.6,0.1,0.73,13.0,4.0,8,0.0,0.0,0,100.0,12.5,99.89136904761905,73.7391369047619,72.3
TTR-0014,2026-03,0.98,0.31,17.77,1.0,0.89,0.0,744.0,13.0,11.61,13,0,0.93,0.99,0.98,90.25,49.5,17.77,0.1,0.73,0.89,4.0,8.0,13,0.0,0.0,0,100.0,7.6923076923076925,99.88037634408602,72.2957299421009,75.0
TTR-0015,2024-03,1.0,0.44,327.0,0.08,0.42,0.0,744.0,0.08,0.42,1,1,0.99,0.99,1.0,218.5,0.0,327.0,0.33,0.0,0.42,1.0,0.0,1,1.0,0.0,1,100.0,100.0,99.94354838709677,99.99435483870968,100.0
TTR-0015,2024-04,0.99,0.39,282.5,0.14,0.17,0.0,720.0,0.14,0.17,1,1,0.99,1.0,0.99,0.0,327.0,282.5,0.0,0.42,0.17,0.0,1.0,1,0.0,1.0,1,100.0,100.0,99.97638888888889,99.99763888888889,100.0
TTR-0015,2024-05,0.99,0.42,0.0,0.0,0.0,0.0,744.0,0.0,0.0,0,0,1.0,0.99,0.99,327.0,282.5,0.0,0.42,0.17,0.0,1.0,1.0,0,1.0,1.0,0,100.0,100.0,100.0,100.0,100.0
TTR-0015,2024-06,0.99,0.48,0.0,0.0,0.0,0.0,720.0,0.0,0.0,0,0,0.99,0.99,0.99,282.5,0.0,0.0,0.17,0.0,0.0,1.0,0.0,0,1.0,0.0,0,100.0,100.0,100.0,100.0,99.99
TTR-0015,2024-07,0.99,0.47,351.0,0.33,0.83,0.0,744.0,0.33,0.83,1,1,0.99,0.99,0.99,0.0,0.0,351.0,0.0,0.0,0.83,0.0,0.0,1,0.0,0.0,1,100.0,100.0,99.88844086021506,99.9888440860215,80.0
TTR-0015,2024-08,0.99,0.45,110.83,0.05,0.31,0.0,744.0,0.14,0.92,3,3,0.99,0.99,0.99,0.0,351.0,110.83,0.0,0.83,0.31,0.0,1.0,3,0.0,1.0,3,100.0,33.333333333333336,99.95833333333334,79.99583333333334,100.0
TTR-0015,2024-09,1.0,0.5,0.0,0.0,0.0,0.0,720.0,0.22,0.0,0,0,0.99,0.99,1.0,351.0,110.83,0.0,0.83,0.31,0.0,1.0,3.0,0,1.0,3.0,0,100.0,100.0,100.0,100.0,77.5
TTR-0015,2024-10,0.99,0.46,85.38,0.1,0.31,0.0,744.0,0.41,1.23,4,4,0.99,1.0,0.99,110.83,0.0,85.38,0.31,0.0,0.31,3.0,0.0,4,3.0,0.0,4,100.0,25.0,99.95833333333334,77.49583333333334,100.0
TTR-0015,2024-11,0.99,0.56,0.0,0.0,0.0,0.0,720.0,0.33,0.0,0,0,1.0,0.99,0.99,0.0,85.38,0.0,0.0,0.31,0.0,0.0,4.0,0,0.0,4.0,0,100.0,100.0,100.0,100.0,84.96
TTR-0015,2024-12,0.98,0.47,174.25,0.92,3.17,0.0,744.0,1.83,6.33,2,2,0.99,0.99,0.98,85.38,0.0,174.25,0.31,0.0,3.17,4.0,0.0,2,4.0,0.0,2,100.0,50.0,99.5739247311828,84.95739247311828,79.99
TTR-0015,2025-01,0.99,0.49,120.5,0.11,0.39,0.0,744.0,0.33,1.17,3,3,0.99,0.98,0.99,0.0,174.25,120.5,0.0,3.17,0.39,0.0,2.0,3,0.0,2.0,3,100.0,33.333333333333336,99.9475806451613,79.99475806451613,84.99
TTR-0015,2025-02,0.99,0.53,176.5,0.22,0.42,0.0,672.0,0.44,0.83,2,2,0.98,0.99,0.99,174.25,120.5,176.5,3.17,0.39,0.42,2.0,3.0,2,2.0,3.0,2,100.0,50.0,99.9375,84.99375,75.69
TTR-0015,2025-03,0.83,0.43,80.88,0.34,29.75,0.0,744.0,1.36,119.0,4,4,0.99,0.99,0.83,120.5,176.5,80.88,0.39,0.42,29.75,3.0,2.0,4,3.0,2.0,4,97.6470588235294,25.0,96.0013440860215,75.6883697027198,84.97
TTR-0015,2025-04,0.97,0.46,165.75,0.96,2.5,0.0,720.0,1.92,5.0,2,2,0.99,0.83,0.97,176.5,80.88,165.75,0.42,29.75,2.5,2.0,4.0,2,2.0,4.0,2,100.0,50.0,99.65277777777779,84.96527777777777,85.0
TTR-0015,2025-05,0.99,0.47,175.75,0.06,0.33,0.0,744.0,0.11,0.67,2,2,0.83,0.97,0.99,80.88,165.75,175.75,29.75,2.5,0.33,4.0,2.0,2,4.0,2.0,2,100.0,50.0,99.95564516129032,84.99556451612904,100.0
TTR-0015,2025-06,0.99,0.56,0.0,0.0,0.0,0.0,720.0,0.06,0.0,0,0,0.97,0.99,0.99,165.75,175.75,0.0,2.5,0.33,0.0,2.0,2.0,0,2.0,2.0,0,100.0,100.0,100.0,100.0,84.99
TTR-0015,2025-07,0.99,0.62,232.5,0.13,0.38,0.0,744.0,0.25,0.75,2,2,0.99,0.99,0.99,175.75,0.0,232.5,0.33,0.0,0.38,2.0,0.0,2,2.0,0.0,2,100.0,50.0,99.9489247311828,84.99489247311828,73.75
TTR-0015,2025-08,0.99,0.64,59.44,0.11,0.33,0.0,744.0,0.89,2.67,8,8,0.99,0.99,0.99,0.0,232.5,59.44,0.0,0.38,0.33,0.0,2.0,8,0.0,2.0,8,100.0,12.5,99.95564516129032,73.74556451612904,74.99
TTR-0015,2025-09,0.99,0.73,87.67,0.28,0.83,0.0,720.0,1.67,5.0,6,6,0.99,0.99,0.99,232.5,59.44,87.67,0.38,0.33,0.83,2.0,8.0,6,2.0,8.0,6,100.0,16.666666666666668,99.88472222222222,74.98847222222223,75.0
TTR-0015,2025-10,0.99,0.66,82.08,0.1,0.31,0.0,744.0,0.61,1.83,6,6,0.99,0.99,0.99,59.44,87.67,82.08,0.33,0.83,0.31,8.0,6.0,6,8.0,6.0,6,100.0,16.666666666666668,99.95833333333334,74.99583333333334,99.99
TTR-0015,2025-11,1.0,0.6,429.0,0.62,0.83,0.0,720.0,0.62,0.83,1,1,0.99,0.99,1.0,87.67,82.08,429.0,0.83,0.31,0.83,6.0,6.0,1,6.0,6.0,1,100.0,100.0,99.88472222222222,99.98847222222223,75.86
TTR-0015,2025-12,0.92,0.54,81.0,1.0,10.08,0.0,744.0,5.0,50.42,5,0,0.99,1.0,0.92,82.08,429.0,81.0,0.31,0.83,10.08,6.0,1.0,5,6.0,1.0,0,100.0,20.0,98.64516129032258,75.86451612903225,74.99
TTR-0015,2026-01,0.99,0.51,63.5,0.0,0.64,0.0,744.0,0.0,3.83,6,0,1.0,0.92,0.99,429.0,81.0,63.5,0.83,10.08,0.64,1.0,5.0,6,1.0,0.0,0,100.0,16.666666666666668,99.91397849462366,74.99139784946237,73.33
TTR-0015,2026-02,0.99,0.62,46.0,0.22,0.53,0.0,672.0,2.0,4.77,9,0,0.92,0.99,0.99,81.0,63.5,46.0,10.08,0.64,0.53,5.0,6.0,9,0.0,0.0,0,100.0,11.11111111111111,99.92113095238095,73.32544642857144,74.28
TTR-0015,2026-03,0.99,0.38,40.71,1.0,0.75,0.0,744.0,7.0,5.23,7,0,0.99,0.99,0.99,63.5,46.0,40.71,0.64,0.53,0.75,6.0,9.0,7,0.0,0.0,0,100.0,14.285714285714286,99.8991935483871,74.275633640553,73.74
